,buying,row_num,maint_high,maint_low,maint_med,maint_vhigh,doors_2,doors_3,doors_4,doors_5more,persons_2,persons_4,persons_more,lug_boot_big,lug_boot_med,lug_boot_small,safety_high,safety_low,safety_med,class_acc,class_good,class_unacc,class_vgood
0,vhigh,0,0,0,0,1,1,0,0,0,1,0,0,0,0,1,0,1,0,0,0,1,0
1,vhigh,1,0,0,0,1,1,0,0,0,1,0,0,0,0,1,0,0,1,0,0,1,0
2,vhigh,2,0,0,0,1,1,0,0,0,1,0,0,0,0,1,1,0,0,0,0,1,0
3,vhigh,3,0,0,0,1,1,0,0,0,1,0,0,0,1,0,0,1,0,0,0,1,0
4,vhigh,4,0,0,0,1,1,0,0,0,1,0,0,0,1,0,0,0,1,0,0,1,0
5,vhigh,5,0,0,0,1,1,0,0,0,1,0,0,0,1,0,1,0,0,0,0,1,0
6,vhigh,6,0,0,0,1,1,0,0,0,1,0,0,1,0,0,0,1,0,0,0,1,0
7,vhigh,7,0,0,0,1,1,0,0,0,1,0,0,1,0,0,0,0,1,0,0,1,0
8,vhigh,8,0,0,0,1,1,0,0,0,1,0,0,1,0,0,1,0,0,0,0,1,0
9,vhigh,9,0,0,0,1,1,0,0,0,0,1,0,0,0,1,0,1,0,0,0,1,0
10,vhigh,10,0,0,0,1,1,0,0,0,0,1,0,0,0,1,0,0,1,0,0,1,0
11,vhigh,11,0,0,0,1,1,0,0,0,0,1,0,0,0,1,1,0,0,0,0,1,0
12,vhigh,12,0,0,0,1,1,0,0,0,0,1,0,0,1,0,0,1,0,0,0,1,0
13,vhigh,13,0,0,0,1,1,0,0,0,0,1,0,0,1,0,0,0,1,0,0,1,0
14,vhigh,14,0,0,0,1,1,0,0,0,0,1,0,0,1,0,1,0,0,0,0,1,0
15,vhigh,15,0,0,0,1,1,0,0,0,0,1,0,1,0,0,0,1,0,0,0,1,0
16,vhigh,16,0,0,0,1,1,0,0,0,0,1,0,1,0,0,0,0,1,0,0,1,0
17,vhigh,17,0,0,0,1,1,0,0,0,0,1,0,1,0,0,1,0,0,0,0,1,0
18,vhigh,18,0,0,0,1,1,0,0,0,0,0,1,0,0,1,0,1,0,0,0,1,0
19,vhigh,19,0,0,0,1,1,0,0,0,0,0,1,0,0,1,0,0,1,0,0,1,0
20,vhigh,20,0,0,0,1,1,0,0,0,0,0,1,0,0,1,1,0,0,0,0,1,0
21,vhigh,21,0,0,0,1,1,0,0,0,0,0,1,0,1,0,0,1,0,0,0,1,0
22,vhigh,22,0,0,0,1,1,0,0,0,0,0,1,0,1,0,0,0,1,0,0,1,0
23,vhigh,23,0,0,0,1,1,0,0,0,0,0,1,0,1,0,1,0,0,0,0,1,0
24,vhigh,24,0,0,0,1,1,0,0,0,0,0,1,1,0,0,0,1,0,0,0,1,0
25,vhigh,25,0,0,0,1,1,0,0,0,0,0,1,1,0,0,0,0,1,0,0,1,0
26,vhigh,26,0,0,0,1,1,0,0,0,0,0,1,1,0,0,1,0,0,0,0,1,0
27,vhigh,27,0,0,0,1,0,1,0,0,1,0,0,0,0,1,0,1,0,0,0,1,0
28,vhigh,28,0,0,0,1,0,1,0,0,1,0,0,0,0,1,0,0,1,0,0,1,0
29,vhigh,29,0,0,0,1,0,1,0,0,1,0,0,0,0,1,1,0,0,0,0,1,0
30,vhigh,30,0,0,0,1,0,1,0,0,1,0,0,0,1,0,0,1,0,0,0,1,0
31,vhigh,31,0,0,0,1,0,1,0,0,1,0,0,0,1,0,0,0,1,0,0,1,0
32,vhigh,32,0,0,0,1,0,1,0,0,1,0,0,0,1,0,1,0,0,0,0,1,0
33,vhigh,33,0,0,0,1,0,1,0,0,1,0,0,1,0,0,0,1,0,0,0,1,0
34,vhigh,34,0,0,0,1,0,1,0,0,1,0,0,1,0,0,0,0,1,0,0,1,0
35,vhigh,35,0,0,0,1,0,1,0,0,1,0,0,1,0,0,1,0,0,0,0,1,0
36,vhigh,36,0,0,0,1,0,1,0,0,0,1,0,0,0,1,0,1,0,0,0,1,0
37,vhigh,37,0,0,0,1,0,1,0,0,0,1,0,0,0,1,0,0,1,0,0,1,0
38,vhigh,38,0,0,0,1,0,1,0,0,0,1,0,0,0,1,1,0,0,0,0,1,0
39,vhigh,39,0,0,0,1,0,1,0,0,0,1,0,0,1,0,0,1,0,0,0,1,0
40,vhigh,40,0,0,0,1,0,1,0,0,0,1,0,0,1,0,0,0,1,0,0,1,0
41,vhigh,41,0,0,0,1,0,1,0,0,0,1,0,0,1,0,1,0,0,0,0,1,0
42,vhigh,42,0,0,0,1,0,1,0,0,0,1,0,1,0,0,0,1,0,0,0,1,0
43,vhigh,43,0,0,0,1,0,1,0,0,0,1,0,1,0,0,0,0,1,0,0,1,0
44,vhigh,44,0,0,0,1,0,1,0,0,0,1,0,1,0,0,1,0,0,0,0,1,0
45,vhigh,45,0,0,0,1,0,1,0,0,0,0,1,0,0,1,0,1,0,0,0,1,0
46,vhigh,46,0,0,0,1,0,1,0,0,0,0,1,0,0,1,0,0,1,0,0,1,0
47,vhigh,47,0,0,0,1,0,1,0,0,0,0,1,0,0,1,1,0,0,0,0,1,0
48,vhigh,48,0,0,0,1,0,1,0,0,0,0,1,0,1,0,0,1,0,0,0,1,0
49,vhigh,49,0,0,0,1,0,1,0,0,0,0,1,0,1,0,0,0,1,0,0,1,0
50,vhigh,50,0,0,0,1,0,1,0,0,0,0,1,0,1,0,1,0,0,0,0,1,0
51,vhigh,51,0,0,0,1,0,1,0,0,0,0,1,1,0,0,0,1,0,0,0,1,0
52,vhigh,52,0,0,0,1,0,1,0,0,0,0,1,1,0,0,0,0,1,0,0,1,0
53,vhigh,53,0,0,0,1,0,1,0,0,0,0,1,1,0,0,1,0,0,0,0,1,0
54,vhigh,54,0,0,0,1,0,0,1,0,1,0,0,0,0,1,0,1,0,0,0,1,0
55,vhigh,55,0,0,0,1,0,0,1,0,1,0,0,0,0,1,0,0,1,0,0,1,0
56,vhigh,56,0,0,0,1,0,0,1,0,1,0,0,0,0,1,1,0,0,0,0,1,0
57,vhigh,57,0,0,0,1,0,0,1,0,1,0,0,0,1,0,0,1,0,0,0,1,0
58,vhigh,58,0,0,0,1,0,0,1,0,1,0,0,0,1,0,0,0,1,0,0,1,0
59,vhigh,59,0,0,0,1,0,0,1,0,1,0,0,0,1,0,1,0,0,0,0,1,0
60,vhigh,60,0,0,0,1,0,0,1,0,1,0,0,1,0,0,0,1,0,0,0,1,0
61,vhigh,61,0,0,0,1,0,0,1,0,1,0,0,1,0,0,0,0,1,0,0,1,0
62,vhigh,62,0,0,0,1,0,0,1,0,1,0,0,1,0,0,1,0,0,0,0,1,0
63,vhigh,63,0,0,0,1,0,0,1,0,0,1,0,0,0,1,0,1,0,0,0,1,0
64,vhigh,64,0,0,0,1,0,0,1,0,0,1,0,0,0,1,0,0,1,0,0,1,0
65,vhigh,65,0,0,0,1,0,0,1,0,0,1,0,0,0,1,1,0,0,0,0,1,0
66,vhigh,66,0,0,0,1,0,0,1,0,0,1,0,0,1,0,0,1,0,0,0,1,0
67,vhigh,67,0,0,0,1,0,0,1,0,0,1,0,0,1,0,0,0,1,0,0,1,0
68,vhigh,68,0,0,0,1,0,0,1,0,0,1,0,0,1,0,1,0,0,0,0,1,0
69,vhigh,69,0,0,0,1,0,0,1,0,0,1,0,1,0,0,0,1,0,0,0,1,0
70,vhigh,70,0,0,0,1,0,0,1,0,0,1,0,1,0,0,0,0,1,0,0,1,0
71,vhigh,71,0,0,0,1,0,0,1,0,0,1,0,1,0,0,1,0,0,0,0,1,0
72,vhigh,72,0,0,0,1,0,0,1,0,0,0,1,0,0,1,0,1,0,0,0,1,0
73,vhigh,73,0,0,0,1,0,0,1,0,0,0,1,0,0,1,0,0,1,0,0,1,0
74,vhigh,74,0,0,0,1,0,0,1,0,0,0,1,0,0,1,1,0,0,0,0,1,0
75,vhigh,75,0,0,0,1,0,0,1,0,0,0,1,0,1,0,0,1,0,0,0,1,0
76,vhigh,76,0,0,0,1,0,0,1,0,0,0,1,0,1,0,0,0,1,0,0,1,0
77,vhigh,77,0,0,0,1,0,0,1,0,0,0,1,0,1,0,1,0,0,0,0,1,0
78,vhigh,78,0,0,0,1,0,0,1,0,0,0,1,1,0,0,0,1,0,0,0,1,0
79,vhigh,79,0,0,0,1,0,0,1,0,0,0,1,1,0,0,0,0,1,0,0,1,0
80,vhigh,80,0,0,0,1,0,0,1,0,0,0,1,1,0,0,1,0,0,0,0,1,0
81,vhigh,81,0,0,0,1,0,0,0,1,1,0,0,0,0,1,0,1,0,0,0,1,0
82,vhigh,82,0,0,0,1,0,0,0,1,1,0,0,0,0,1,0,0,1,0,0,1,0
83,vhigh,83,0,0,0,1,0,0,0,1,1,0,0,0,0,1,1,0,0,0,0,1,0
84,vhigh,84,0,0,0,1,0,0,0,1,1,0,0,0,1,0,0,1,0,0,0,1,0
85,vhigh,85,0,0,0,1,0,0,0,1,1,0,0,0,1,0,0,0,1,0,0,1,0
86,vhigh,86,0,0,0,1,0,0,0,1,1,0,0,0,1,0,1,0,0,0,0,1,0
87,vhigh,87,0,0,0,1,0,0,0,1,1,0,0,1,0,0,0,1,0,0,0,1,0
88,vhigh,88,0,0,0,1,0,0,0,1,1,0,0,1,0,0,0,0,1,0,0,1,0
89,vhigh,89,0,0,0,1,0,0,0,1,1,0,0,1,0,0,1,0,0,0,0,1,0
90,vhigh,90,0,0,0,1,0,0,0,1,0,1,0,0,0,1,0,1,0,0,0,1,0
91,vhigh,91,0,0,0,1,0,0,0,1,0,1,0,0,0,1,0,0,1,0,0,1,0
92,vhigh,92,0,0,0,1,0,0,0,1,0,1,0,0,0,1,1,0,0,0,0,1,0
93,vhigh,93,0,0,0,1,0,0,0,1,0,1,0,0,1,0,0,1,0,0,0,1,0
94,vhigh,94,0,0,0,1,0,0,0,1,0,1,0,0,1,0,0,0,1,0,0,1,0
95,vhigh,95,0,0,0,1,0,0,0,1,0,1,0,0,1,0,1,0,0,0,0,1,0
96,vhigh,96,0,0,0,1,0,0,0,1,0,1,0,1,0,0,0,1,0,0,0,1,0
97,vhigh,97,0,0,0,1,0,0,0,1,0,1,0,1,0,0,0,0,1,0,0,1,0
98,vhigh,98,0,0,0,1,0,0,0,1,0,1,0,1,0,0,1,0,0,0,0,1,0
99,vhigh,99,0,0,0,1,0,0,0,1,0,0,1,0,0,1,0,1,0,0,0,1,0
100,vhigh,100,0,0,0,1,0,0,0,1,0,0,1,0,0,1,0,0,1,0,0,1,0
101,vhigh,101,0,0,0,1,0,0,0,1,0,0,1,0,0,1,1,0,0,0,0,1,0
102,vhigh,102,0,0,0,1,0,0,0,1,0,0,1,0,1,0,0,1,0,0,0,1,0
103,vhigh,103,0,0,0,1,0,0,0,1,0,0,1,0,1,0,0,0,1,0,0,1,0
104,vhigh,104,0,0,0,1,0,0,0,1,0,0,1,0,1,0,1,0,0,0,0,1,0
105,vhigh,105,0,0,0,1,0,0,0,1,0,0,1,1,0,0,0,1,0,0,0,1,0
106,vhigh,106,0,0,0,1,0,0,0,1,0,0,1,1,0,0,0,0,1,0,0,1,0
107,vhigh,107,0,0,0,1,0,0,0,1,0,0,1,1,0,0,1,0,0,0,0,1,0
108,vhigh,108,1,0,0,0,1,0,0,0,1,0,0,0,0,1,0,1,0,0,0,1,0
109,vhigh,109,1,0,0,0,1,0,0,0,1,0,0,0,0,1,0,0,1,0,0,1,0
110,vhigh,110,1,0,0,0,1,0,0,0,1,0,0,0,0,1,1,0,0,0,0,1,0
111,vhigh,111,1,0,0,0,1,0,0,0,1,0,0,0,1,0,0,1,0,0,0,1,0
112,vhigh,112,1,0,0,0,1,0,0,0,1,0,0,0,1,0,0,0,1,0,0,1,0
113,vhigh,113,1,0,0,0,1,0,0,0,1,0,0,0,1,0,1,0,0,0,0,1,0
114,vhigh,114,1,0,0,0,1,0,0,0,1,0,0,1,0,0,0,1,0,0,0,1,0
115,vhigh,115,1,0,0,0,1,0,0,0,1,0,0,1,0,0,0,0,1,0,0,1,0
116,vhigh,116,1,0,0,0,1,0,0,0,1,0,0,1,0,0,1,0,0,0,0,1,0
117,vhigh,117,1,0,0,0,1,0,0,0,0,1,0,0,0,1,0,1,0,0,0,1,0
118,vhigh,118,1,0,0,0,1,0,0,0,0,1,0,0,0,1,0,0,1,0,0,1,0
119,vhigh,119,1,0,0,0,1,0,0,0,0,1,0,0,0,1,1,0,0,0,0,1,0
120,vhigh,120,1,0,0,0,1,0,0,0,0,1,0,0,1,0,0,1,0,0,0,1,0
121,vhigh,121,1,0,0,0,1,0,0,0,0,1,0,0,1,0,0,0,1,0,0,1,0
122,vhigh,122,1,0,0,0,1,0,0,0,0,1,0,0,1,0,1,0,0,0,0,1,0
123,vhigh,123,1,0,0,0,1,0,0,0,0,1,0,1,0,0,0,1,0,0,0,1,0
124,vhigh,124,1,0,0,0,1,0,0,0,0,1,0,1,0,0,0,0,1,0,0,1,0
125,vhigh,125,1,0,0,0,1,0,0,0,0,1,0,1,0,0,1,0,0,0,0,1,0
126,vhigh,126,1,0,0,0,1,0,0,0,0,0,1,0,0,1,0,1,0,0,0,1,0
127,vhigh,127,1,0,0,0,1,0,0,0,0,0,1,0,0,1,0,0,1,0,0,1,0
128,vhigh,128,1,0,0,0,1,0,0,0,0,0,1,0,0,1,1,0,0,0,0,1,0
129,vhigh,129,1,0,0,0,1,0,0,0,0,0,1,0,1,0,0,1,0,0,0,1,0
130,vhigh,130,1,0,0,0,1,0,0,0,0,0,1,0,1,0,0,0,1,0,0,1,0
131,vhigh,131,1,0,0,0,1,0,0,0,0,0,1,0,1,0,1,0,0,0,0,1,0
132,vhigh,132,1,0,0,0,1,0,0,0,0,0,1,1,0,0,0,1,0,0,0,1,0
133,vhigh,133,1,0,0,0,1,0,0,0,0,0,1,1,0,0,0,0,1,0,0,1,0
134,vhigh,134,1,0,0,0,1,0,0,0,0,0,1,1,0,0,1,0,0,0,0,1,0
135,vhigh,135,1,0,0,0,0,1,0,0,1,0,0,0,0,1,0,1,0,0,0,1,0
136,vhigh,136,1,0,0,0,0,1,0,0,1,0,0,0,0,1,0,0,1,0,0,1,0
137,vhigh,137,1,0,0,0,0,1,0,0,1,0,0,0,0,1,1,0,0,0,0,1,0
138,vhigh,138,1,0,0,0,0,1,0,0,1,0,0,0,1,0,0,1,0,0,0,1,0
139,vhigh,139,1,0,0,0,0,1,0,0,1,0,0,0,1,0,0,0,1,0,0,1,0
140,vhigh,140,1,0,0,0,0,1,0,0,1,0,0,0,1,0,1,0,0,0,0,1,0
141,vhigh,141,1,0,0,0,0,1,0,0,1,0,0,1,0,0,0,1,0,0,0,1,0
142,vhigh,142,1,0,0,0,0,1,0,0,1,0,0,1,0,0,0,0,1,0,0,1,0
143,vhigh,143,1,0,0,0,0,1,0,0,1,0,0,1,0,0,1,0,0,0,0,1,0
144,vhigh,144,1,0,0,0,0,1,0,0,0,1,0,0,0,1,0,1,0,0,0,1,0
145,vhigh,145,1,0,0,0,0,1,0,0,0,1,0,0,0,1,0,0,1,0,0,1,0
146,vhigh,146,1,0,0,0,0,1,0,0,0,1,0,0,0,1,1,0,0,0,0,1,0
147,vhigh,147,1,0,0,0,0,1,0,0,0,1,0,0,1,0,0,1,0,0,0,1,0
148,vhigh,148,1,0,0,0,0,1,0,0,0,1,0,0,1,0,0,0,1,0,0,1,0
149,vhigh,149,1,0,0,0,0,1,0,0,0,1,0,0,1,0,1,0,0,0,0,1,0
150,vhigh,150,1,0,0,0,0,1,0,0,0,1,0,1,0,0,0,1,0,0,0,1,0
151,vhigh,151,1,0,0,0,0,1,0,0,0,1,0,1,0,0,0,0,1,0,0,1,0
152,vhigh,152,1,0,0,0,0,1,0,0,0,1,0,1,0,0,1,0,0,0,0,1,0
153,vhigh,153,1,0,0,0,0,1,0,0,0,0,1,0,0,1,0,1,0,0,0,1,0
154,vhigh,154,1,0,0,0,0,1,0,0,0,0,1,0,0,1,0,0,1,0,0,1,0
155,vhigh,155,1,0,0,0,0,1,0,0,0,0,1,0,0,1,1,0,0,0,0,1,0
156,vhigh,156,1,0,0,0,0,1,0,0,0,0,1,0,1,0,0,1,0,0,0,1,0
157,vhigh,157,1,0,0,0,0,1,0,0,0,0,1,0,1,0,0,0,1,0,0,1,0
158,vhigh,158,1,0,0,0,0,1,0,0,0,0,1,0,1,0,1,0,0,0,0,1,0
159,vhigh,159,1,0,0,0,0,1,0,0,0,0,1,1,0,0,0,1,0,0,0,1,0
160,vhigh,160,1,0,0,0,0,1,0,0,0,0,1,1,0,0,0,0,1,0,0,1,0
161,vhigh,161,1,0,0,0,0,1,0,0,0,0,1,1,0,0,1,0,0,0,0,1,0
162,vhigh,162,1,0,0,0,0,0,1,0,1,0,0,0,0,1,0,1,0,0,0,1,0
163,vhigh,163,1,0,0,0,0,0,1,0,1,0,0,0,0,1,0,0,1,0,0,1,0
164,vhigh,164,1,0,0,0,0,0,1,0,1,0,0,0,0,1,1,0,0,0,0,1,0
165,vhigh,165,1,0,0,0,0,0,1,0,1,0,0,0,1,0,0,1,0,0,0,1,0
166,vhigh,166,1,0,0,0,0,0,1,0,1,0,0,0,1,0,0,0,1,0,0,1,0
167,vhigh,167,1,0,0,0,0,0,1,0,1,0,0,0,1,0,1,0,0,0,0,1,0
168,vhigh,168,1,0,0,0,0,0,1,0,1,0,0,1,0,0,0,1,0,0,0,1,0
169,vhigh,169,1,0,0,0,0,0,1,0,1,0,0,1,0,0,0,0,1,0,0,1,0
170,vhigh,170,1,0,0,0,0,0,1,0,1,0,0,1,0,0,1,0,0,0,0,1,0
171,vhigh,171,1,0,0,0,0,0,1,0,0,1,0,0,0,1,0,1,0,0,0,1,0
172,vhigh,172,1,0,0,0,0,0,1,0,0,1,0,0,0,1,0,0,1,0,0,1,0
173,vhigh,173,1,0,0,0,0,0,1,0,0,1,0,0,0,1,1,0,0,0,0,1,0
174,vhigh,174,1,0,0,0,0,0,1,0,0,1,0,0,1,0,0,1,0,0,0,1,0
175,vhigh,175,1,0,0,0,0,0,1,0,0,1,0,0,1,0,0,0,1,0,0,1,0
176,vhigh,176,1,0,0,0,0,0,1,0,0,1,0,0,1,0,1,0,0,0,0,1,0
177,vhigh,177,1,0,0,0,0,0,1,0,0,1,0,1,0,0,0,1,0,0,0,1,0
178,vhigh,178,1,0,0,0,0,0,1,0,0,1,0,1,0,0,0,0,1,0,0,1,0
179,vhigh,179,1,0,0,0,0,0,1,0,0,1,0,1,0,0,1,0,0,0,0,1,0
180,vhigh,180,1,0,0,0,0,0,1,0,0,0,1,0,0,1,0,1,0,0,0,1,0
181,vhigh,181,1,0,0,0,0,0,1,0,0,0,1,0,0,1,0,0,1,0,0,1,0
182,vhigh,182,1,0,0,0,0,0,1,0,0,0,1,0,0,1,1,0,0,0,0,1,0
183,vhigh,183,1,0,0,0,0,0,1,0,0,0,1,0,1,0,0,1,0,0,0,1,0
184,vhigh,184,1,0,0,0,0,0,1,0,0,0,1,0,1,0,0,0,1,0,0,1,0
185,vhigh,185,1,0,0,0,0,0,1,0,0,0,1,0,1,0,1,0,0,0,0,1,0
186,vhigh,186,1,0,0,0,0,0,1,0,0,0,1,1,0,0,0,1,0,0,0,1,0
187,vhigh,187,1,0,0,0,0,0,1,0,0,0,1,1,0,0,0,0,1,0,0,1,0
188,vhigh,188,1,0,0,0,0,0,1,0,0,0,1,1,0,0,1,0,0,0,0,1,0
189,vhigh,189,1,0,0,0,0,0,0,1,1,0,0,0,0,1,0,1,0,0,0,1,0
190,vhigh,190,1,0,0,0,0,0,0,1,1,0,0,0,0,1,0,0,1,0,0,1,0
191,vhigh,191,1,0,0,0,0,0,0,1,1,0,0,0,0,1,1,0,0,0,0,1,0
192,vhigh,192,1,0,0,0,0,0,0,1,1,0,0,0,1,0,0,1,0,0,0,1,0
193,vhigh,193,1,0,0,0,0,0,0,1,1,0,0,0,1,0,0,0,1,0,0,1,0
194,vhigh,194,1,0,0,0,0,0,0,1,1,0,0,0,1,0,1,0,0,0,0,1,0
195,vhigh,195,1,0,0,0,0,0,0,1,1,0,0,1,0,0,0,1,0,0,0,1,0
196,vhigh,196,1,0,0,0,0,0,0,1,1,0,0,1,0,0,0,0,1,0,0,1,0
197,vhigh,197,1,0,0,0,0,0,0,1,1,0,0,1,0,0,1,0,0,0,0,1,0
198,vhigh,198,1,0,0,0,0,0,0,1,0,1,0,0,0,1,0,1,0,0,0,1,0
199,vhigh,199,1,0,0,0,0,0,0,1,0,1,0,0,0,1,0,0,1,0,0,1,0
200,vhigh,200,1,0,0,0,0,0,0,1,0,1,0,0,0,1,1,0,0,0,0,1,0
201,vhigh,201,1,0,0,0,0,0,0,1,0,1,0,0,1,0,0,1,0,0,0,1,0
202,vhigh,202,1,0,0,0,0,0,0,1,0,1,0,0,1,0,0,0,1,0,0,1,0
203,vhigh,203,1,0,0,0,0,0,0,1,0,1,0,0,1,0,1,0,0,0,0,1,0
204,vhigh,204,1,0,0,0,0,0,0,1,0,1,0,1,0,0,0,1,0,0,0,1,0
205,vhigh,205,1,0,0,0,0,0,0,1,0,1,0,1,0,0,0,0,1,0,0,1,0
206,vhigh,206,1,0,0,0,0,0,0,1,0,1,0,1,0,0,1,0,0,0,0,1,0
207,vhigh,207,1,0,0,0,0,0,0,1,0,0,1,0,0,1,0,1,0,0,0,1,0
208,vhigh,208,1,0,0,0,0,0,0,1,0,0,1,0,0,1,0,0,1,0,0,1,0
209,vhigh,209,1,0,0,0,0,0,0,1,0,0,1,0,0,1,1,0,0,0,0,1,0
210,vhigh,210,1,0,0,0,0,0,0,1,0,0,1,0,1,0,0,1,0,0,0,1,0
211,vhigh,211,1,0,0,0,0,0,0,1,0,0,1,0,1,0,0,0,1,0,0,1,0
212,vhigh,212,1,0,0,0,0,0,0,1,0,0,1,0,1,0,1,0,0,0,0,1,0
213,vhigh,213,1,0,0,0,0,0,0,1,0,0,1,1,0,0,0,1,0,0,0,1,0
214,vhigh,214,1,0,0,0,0,0,0,1,0,0,1,1,0,0,0,0,1,0,0,1,0
215,vhigh,215,1,0,0,0,0,0,0,1,0,0,1,1,0,0,1,0,0,0,0,1,0
216,vhigh,216,0,0,1,0,1,0,0,0,1,0,0,0,0,1,0,1,0,0,0,1,0
217,vhigh,217,0,0,1,0,1,0,0,0,1,0,0,0,0,1,0,0,1,0,0,1,0
218,vhigh,218,0,0,1,0,1,0,0,0,1,0,0,0,0,1,1,0,0,0,0,1,0
219,vhigh,219,0,0,1,0,1,0,0,0,1,0,0,0,1,0,0,1,0,0,0,1,0
220,vhigh,220,0,0,1,0,1,0,0,0,1,0,0,0,1,0,0,0,1,0,0,1,0
221,vhigh,221,0,0,1,0,1,0,0,0,1,0,0,0,1,0,1,0,0,0,0,1,0
222,vhigh,222,0,0,1,0,1,0,0,0,1,0,0,1,0,0,0,1,0,0,0,1,0
223,vhigh,223,0,0,1,0,1,0,0,0,1,0,0,1,0,0,0,0,1,0,0,1,0
224,vhigh,224,0,0,1,0,1,0,0,0,1,0,0,1,0,0,1,0,0,0,0,1,0
225,vhigh,225,0,0,1,0,1,0,0,0,0,1,0,0,0,1,0,1,0,0,0,1,0
226,vhigh,226,0,0,1,0,1,0,0,0,0,1,0,0,0,1,0,0,1,0,0,1,0
227,vhigh,227,0,0,1,0,1,0,0,0,0,1,0,0,0,1,1,0,0,1,0,0,0
228,vhigh,228,0,0,1,0,1,0,0,0,0,1,0,0,1,0,0,1,0,0,0,1,0
229,vhigh,229,0,0,1,0,1,0,0,0,0,1,0,0,1,0,0,0,1,0,0,1,0
230,vhigh,230,0,0,1,0,1,0,0,0,0,1,0,0,1,0,1,0,0,1,0,0,0
231,vhigh,231,0,0,1,0,1,0,0,0,0,1,0,1,0,0,0,1,0,0,0,1,0
232,vhigh,232,0,0,1,0,1,0,0,0,0,1,0,1,0,0,0,0,1,1,0,0,0
233,vhigh,233,0,0,1,0,1,0,0,0,0,1,0,1,0,0,1,0,0,1,0,0,0
234,vhigh,234,0,0,1,0,1,0,0,0,0,0,1,0,0,1,0,1,0,0,0,1,0
235,vhigh,235,0,0,1,0,1,0,0,0,0,0,1,0,0,1,0,0,1,0,0,1,0
236,vhigh,236,0,0,1,0,1,0,0,0,0,0,1,0,0,1,1,0,0,0,0,1,0
237,vhigh,237,0,0,1,0,1,0,0,0,0,0,1,0,1,0,0,1,0,0,0,1,0
238,vhigh,238,0,0,1,0,1,0,0,0,0,0,1,0,1,0,0,0,1,0,0,1,0
239,vhigh,239,0,0,1,0,1,0,0,0,0,0,1,0,1,0,1,0,0,1,0,0,0
240,vhigh,240,0,0,1,0,1,0,0,0,0,0,1,1,0,0,0,1,0,0,0,1,0
241,vhigh,241,0,0,1,0,1,0,0,0,0,0,1,1,0,0,0,0,1,1,0,0,0
242,vhigh,242,0,0,1,0,1,0,0,0,0,0,1,1,0,0,1,0,0,1,0,0,0
243,vhigh,243,0,0,1,0,0,1,0,0,1,0,0,0,0,1,0,1,0,0,0,1,0
244,vhigh,244,0,0,1,0,0,1,0,0,1,0,0,0,0,1,0,0,1,0,0,1,0
245,vhigh,245,0,0,1,0,0,1,0,0,1,0,0,0,0,1,1,0,0,0,0,1,0
246,vhigh,246,0,0,1,0,0,1,0,0,1,0,0,0,1,0,0,1,0,0,0,1,0
247,vhigh,247,0,0,1,0,0,1,0,0,1,0,0,0,1,0,0,0,1,0,0,1,0
248,vhigh,248,0,0,1,0,0,1,0,0,1,0,0,0,1,0,1,0,0,0,0,1,0
249,vhigh,249,0,0,1,0,0,1,0,0,1,0,0,1,0,0,0,1,0,0,0,1,0
250,vhigh,250,0,0,1,0,0,1,0,0,1,0,0,1,0,0,0,0,1,0,0,1,0
251,vhigh,251,0,0,1,0,0,1,0,0,1,0,0,1,0,0,1,0,0,0,0,1,0
252,vhigh,252,0,0,1,0,0,1,0,0,0,1,0,0,0,1,0,1,0,0,0,1,0
253,vhigh,253,0,0,1,0,0,1,0,0,0,1,0,0,0,1,0,0,1,0,0,1,0
254,vhigh,254,0,0,1,0,0,1,0,0,0,1,0,0,0,1,1,0,0,1,0,0,0
255,vhigh,255,0,0,1,0,0,1,0,0,0,1,0,0,1,0,0,1,0,0,0,1,0
256,vhigh,256,0,0,1,0,0,1,0,0,0,1,0,0,1,0,0,0,1,0,0,1,0
257,vhigh,257,0,0,1,0,0,1,0,0,0,1,0,0,1,0,1,0,0,1,0,0,0
258,vhigh,258,0,0,1,0,0,1,0,0,0,1,0,1,0,0,0,1,0,0,0,1,0
259,vhigh,259,0,0,1,0,0,1,0,0,0,1,0,1,0,0,0,0,1,1,0,0,0
260,vhigh,260,0,0,1,0,0,1,0,0,0,1,0,1,0,0,1,0,0,1,0,0,0
261,vhigh,261,0,0,1,0,0,1,0,0,0,0,1,0,0,1,0,1,0,0,0,1,0
262,vhigh,262,0,0,1,0,0,1,0,0,0,0,1,0,0,1,0,0,1,0,0,1,0
263,vhigh,263,0,0,1,0,0,1,0,0,0,0,1,0,0,1,1,0,0,1,0,0,0
264,vhigh,264,0,0,1,0,0,1,0,0,0,0,1,0,1,0,0,1,0,0,0,1,0
265,vhigh,265,0,0,1,0,0,1,0,0,0,0,1,0,1,0,0,0,1,1,0,0,0
266,vhigh,266,0,0,1,0,0,1,0,0,0,0,1,0,1,0,1,0,0,1,0,0,0
267,vhigh,267,0,0,1,0,0,1,0,0,0,0,1,1,0,0,0,1,0,0,0,1,0
268,vhigh,268,0,0,1,0,0,1,0,0,0,0,1,1,0,0,0,0,1,1,0,0,0
269,vhigh,269,0,0,1,0,0,1,0,0,0,0,1,1,0,0,1,0,0,1,0,0,0
270,vhigh,270,0,0,1,0,0,0,1,0,1,0,0,0,0,1,0,1,0,0,0,1,0
271,vhigh,271,0,0,1,0,0,0,1,0,1,0,0,0,0,1,0,0,1,0,0,1,0
272,vhigh,272,0,0,1,0,0,0,1,0,1,0,0,0,0,1,1,0,0,0,0,1,0
273,vhigh,273,0,0,1,0,0,0,1,0,1,0,0,0,1,0,0,1,0,0,0,1,0
274,vhigh,274,0,0,1,0,0,0,1,0,1,0,0,0,1,0,0,0,1,0,0,1,0
275,vhigh,275,0,0,1,0,0,0,1,0,1,0,0,0,1,0,1,0,0,0,0,1,0
276,vhigh,276,0,0,1,0,0,0,1,0,1,0,0,1,0,0,0,1,0,0,0,1,0
277,vhigh,277,0,0,1,0,0,0,1,0,1,0,0,1,0,0,0,0,1,0,0,1,0
278,vhigh,278,0,0,1,0,0,0,1,0,1,0,0,1,0,0,1,0,0,0,0,1,0
279,vhigh,279,0,0,1,0,0,0,1,0,0,1,0,0,0,1,0,1,0,0,0,1,0
280,vhigh,280,0,0,1,0,0,0,1,0,0,1,0,0,0,1,0,0,1,0,0,1,0
281,vhigh,281,0,0,1,0,0,0,1,0,0,1,0,0,0,1,1,0,0,1,0,0,0
282,vhigh,282,0,0,1,0,0,0,1,0,0,1,0,0,1,0,0,1,0,0,0,1,0
283,vhigh,283,0,0,1,0,0,0,1,0,0,1,0,0,1,0,0,0,1,1,0,0,0
284,vhigh,284,0,0,1,0,0,0,1,0,0,1,0,0,1,0,1,0,0,1,0,0,0
285,vhigh,285,0,0,1,0,0,0,1,0,0,1,0,1,0,0,0,1,0,0,0,1,0
286,vhigh,286,0,0,1,0,0,0,1,0,0,1,0,1,0,0,0,0,1,1,0,0,0
287,vhigh,287,0,0,1,0,0,0,1,0,0,1,0,1,0,0,1,0,0,1,0,0,0
288,vhigh,288,0,0,1,0,0,0,1,0,0,0,1,0,0,1,0,1,0,0,0,1,0
289,vhigh,289,0,0,1,0,0,0,1,0,0,0,1,0,0,1,0,0,1,0,0,1,0
290,vhigh,290,0,0,1,0,0,0,1,0,0,0,1,0,0,1,1,0,0,1,0,0,0
291,vhigh,291,0,0,1,0,0,0,1,0,0,0,1,0,1,0,0,1,0,0,0,1,0
292,vhigh,292,0,0,1,0,0,0,1,0,0,0,1,0,1,0,0,0,1,1,0,0,0
293,vhigh,293,0,0,1,0,0,0,1,0,0,0,1,0,1,0,1,0,0,1,0,0,0
294,vhigh,294,0,0,1,0,0,0,1,0,0,0,1,1,0,0,0,1,0,0,0,1,0
295,vhigh,295,0,0,1,0,0,0,1,0,0,0,1,1,0,0,0,0,1,1,0,0,0
296,vhigh,296,0,0,1,0,0,0,1,0,0,0,1,1,0,0,1,0,0,1,0,0,0
297,vhigh,297,0,0,1,0,0,0,0,1,1,0,0,0,0,1,0,1,0,0,0,1,0
298,vhigh,298,0,0,1,0,0,0,0,1,1,0,0,0,0,1,0,0,1,0,0,1,0
299,vhigh,299,0,0,1,0,0,0,0,1,1,0,0,0,0,1,1,0,0,0,0,1,0
300,vhigh,300,0,0,1,0,0,0,0,1,1,0,0,0,1,0,0,1,0,0,0,1,0
301,vhigh,301,0,0,1,0,0,0,0,1,1,0,0,0,1,0,0,0,1,0,0,1,0
302,vhigh,302,0,0,1,0,0,0,0,1,1,0,0,0,1,0,1,0,0,0,0,1,0
303,vhigh,303,0,0,1,0,0,0,0,1,1,0,0,1,0,0,0,1,0,0,0,1,0
304,vhigh,304,0,0,1,0,0,0,0,1,1,0,0,1,0,0,0,0,1,0,0,1,0
305,vhigh,305,0,0,1,0,0,0,0,1,1,0,0,1,0,0,1,0,0,0,0,1,0
306,vhigh,306,0,0,1,0,0,0,0,1,0,1,0,0,0,1,0,1,0,0,0,1,0
307,vhigh,307,0,0,1,0,0,0,0,1,0,1,0,0,0,1,0,0,1,0,0,1,0
308,vhigh,308,0,0,1,0,0,0,0,1,0,1,0,0,0,1,1,0,0,1,0,0,0
309,vhigh,309,0,0,1,0,0,0,0,1,0,1,0,0,1,0,0,1,0,0,0,1,0
310,vhigh,310,0,0,1,0,0,0,0,1,0,1,0,0,1,0,0,0,1,1,0,0,0
311,vhigh,311,0,0,1,0,0,0,0,1,0,1,0,0,1,0,1,0,0,1,0,0,0
312,vhigh,312,0,0,1,0,0,0,0,1,0,1,0,1,0,0,0,1,0,0,0,1,0
313,vhigh,313,0,0,1,0,0,0,0,1,0,1,0,1,0,0,0,0,1,1,0,0,0
314,vhigh,314,0,0,1,0,0,0,0,1,0,1,0,1,0,0,1,0,0,1,0,0,0
315,vhigh,315,0,0,1,0,0,0,0,1,0,0,1,0,0,1,0,1,0,0,0,1,0
316,vhigh,316,0,0,1,0,0,0,0,1,0,0,1,0,0,1,0,0,1,0,0,1,0
317,vhigh,317,0,0,1,0,0,0,0,1,0,0,1,0,0,1,1,0,0,1,0,0,0
318,vhigh,318,0,0,1,0,0,0,0,1,0,0,1,0,1,0,0,1,0,0,0,1,0
319,vhigh,319,0,0,1,0,0,0,0,1,0,0,1,0,1,0,0,0,1,1,0,0,0
320,vhigh,320,0,0,1,0,0,0,0,1,0,0,1,0,1,0,1,0,0,1,0,0,0
321,vhigh,321,0,0,1,0,0,0,0,1,0,0,1,1,0,0,0,1,0,0,0,1,0
322,vhigh,322,0,0,1,0,0,0,0,1,0,0,1,1,0,0,0,0,1,1,0,0,0
323,vhigh,323,0,0,1,0,0,0,0,1,0,0,1,1,0,0,1,0,0,1,0,0,0
324,vhigh,324,0,1,0,0,1,0,0,0,1,0,0,0,0,1,0,1,0,0,0,1,0
325,vhigh,325,0,1,0,0,1,0,0,0,1,0,0,0,0,1,0,0,1,0,0,1,0
326,vhigh,326,0,1,0,0,1,0,0,0,1,0,0,0,0,1,1,0,0,0,0,1,0
327,vhigh,327,0,1,0,0,1,0,0,0,1,0,0,0,1,0,0,1,0,0,0,1,0
328,vhigh,328,0,1,0,0,1,0,0,0,1,0,0,0,1,0,0,0,1,0,0,1,0
329,vhigh,329,0,1,0,0,1,0,0,0,1,0,0,0,1,0,1,0,0,0,0,1,0
330,vhigh,330,0,1,0,0,1,0,0,0,1,0,0,1,0,0,0,1,0,0,0,1,0
331,vhigh,331,0,1,0,0,1,0,0,0,1,0,0,1,0,0,0,0,1,0,0,1,0
332,vhigh,332,0,1,0,0,1,0,0,0,1,0,0,1,0,0,1,0,0,0,0,1,0
333,vhigh,333,0,1,0,0,1,0,0,0,0,1,0,0,0,1,0,1,0,0,0,1,0
334,vhigh,334,0,1,0,0,1,0,0,0,0,1,0,0,0,1,0,0,1,0,0,1,0
335,vhigh,335,0,1,0,0,1,0,0,0,0,1,0,0,0,1,1,0,0,1,0,0,0
336,vhigh,336,0,1,0,0,1,0,0,0,0,1,0,0,1,0,0,1,0,0,0,1,0
337,vhigh,337,0,1,0,0,1,0,0,0,0,1,0,0,1,0,0,0,1,0,0,1,0
338,vhigh,338,0,1,0,0,1,0,0,0,0,1,0,0,1,0,1,0,0,1,0,0,0
339,vhigh,339,0,1,0,0,1,0,0,0,0,1,0,1,0,0,0,1,0,0,0,1,0
340,vhigh,340,0,1,0,0,1,0,0,0,0,1,0,1,0,0,0,0,1,1,0,0,0
341,vhigh,341,0,1,0,0,1,0,0,0,0,1,0,1,0,0,1,0,0,1,0,0,0
342,vhigh,342,0,1,0,0,1,0,0,0,0,0,1,0,0,1,0,1,0,0,0,1,0
343,vhigh,343,0,1,0,0,1,0,0,0,0,0,1,0,0,1,0,0,1,0,0,1,0
344,vhigh,344,0,1,0,0,1,0,0,0,0,0,1,0,0,1,1,0,0,0,0,1,0
345,vhigh,345,0,1,0,0,1,0,0,0,0,0,1,0,1,0,0,1,0,0,0,1,0
346,vhigh,346,0,1,0,0,1,0,0,0,0,0,1,0,1,0,0,0,1,0,0,1,0
347,vhigh,347,0,1,0,0,1,0,0,0,0,0,1,0,1,0,1,0,0,1,0,0,0
348,vhigh,348,0,1,0,0,1,0,0,0,0,0,1,1,0,0,0,1,0,0,0,1,0
349,vhigh,349,0,1,0,0,1,0,0,0,0,0,1,1,0,0,0,0,1,1,0,0,0
350,vhigh,350,0,1,0,0,1,0,0,0,0,0,1,1,0,0,1,0,0,1,0,0,0
351,vhigh,351,0,1,0,0,0,1,0,0,1,0,0,0,0,1,0,1,0,0,0,1,0
352,vhigh,352,0,1,0,0,0,1,0,0,1,0,0,0,0,1,0,0,1,0,0,1,0
353,vhigh,353,0,1,0,0,0,1,0,0,1,0,0,0,0,1,1,0,0,0,0,1,0
354,vhigh,354,0,1,0,0,0,1,0,0,1,0,0,0,1,0,0,1,0,0,0,1,0
355,vhigh,355,0,1,0,0,0,1,0,0,1,0,0,0,1,0,0,0,1,0,0,1,0
356,vhigh,356,0,1,0,0,0,1,0,0,1,0,0,0,1,0,1,0,0,0,0,1,0
357,vhigh,357,0,1,0,0,0,1,0,0,1,0,0,1,0,0,0,1,0,0,0,1,0
358,vhigh,358,0,1,0,0,0,1,0,0,1,0,0,1,0,0,0,0,1,0,0,1,0
359,vhigh,359,0,1,0,0,0,1,0,0,1,0,0,1,0,0,1,0,0,0,0,1,0
360,vhigh,360,0,1,0,0,0,1,0,0,0,1,0,0,0,1,0,1,0,0,0,1,0
361,vhigh,361,0,1,0,0,0,1,0,0,0,1,0,0,0,1,0,0,1,0,0,1,0
362,vhigh,362,0,1,0,0,0,1,0,0,0,1,0,0,0,1,1,0,0,1,0,0,0
363,vhigh,363,0,1,0,0,0,1,0,0,0,1,0,0,1,0,0,1,0,0,0,1,0
364,vhigh,364,0,1,0,0,0,1,0,0,0,1,0,0,1,0,0,0,1,0,0,1,0
365,vhigh,365,0,1,0,0,0,1,0,0,0,1,0,0,1,0,1,0,0,1,0,0,0
366,vhigh,366,0,1,0,0,0,1,0,0,0,1,0,1,0,0,0,1,0,0,0,1,0
367,vhigh,367,0,1,0,0,0,1,0,0,0,1,0,1,0,0,0,0,1,1,0,0,0
368,vhigh,368,0,1,0,0,0,1,0,0,0,1,0,1,0,0,1,0,0,1,0,0,0
369,vhigh,369,0,1,0,0,0,1,0,0,0,0,1,0,0,1,0,1,0,0,0,1,0
370,vhigh,370,0,1,0,0,0,1,0,0,0,0,1,0,0,1,0,0,1,0,0,1,0
371,vhigh,371,0,1,0,0,0,1,0,0,0,0,1,0,0,1,1,0,0,1,0,0,0
372,vhigh,372,0,1,0,0,0,1,0,0,0,0,1,0,1,0,0,1,0,0,0,1,0
373,vhigh,373,0,1,0,0,0,1,0,0,0,0,1,0,1,0,0,0,1,1,0,0,0
374,vhigh,374,0,1,0,0,0,1,0,0,0,0,1,0,1,0,1,0,0,1,0,0,0
375,vhigh,375,0,1,0,0,0,1,0,0,0,0,1,1,0,0,0,1,0,0,0,1,0
376,vhigh,376,0,1,0,0,0,1,0,0,0,0,1,1,0,0,0,0,1,1,0,0,0
377,vhigh,377,0,1,0,0,0,1,0,0,0,0,1,1,0,0,1,0,0,1,0,0,0
378,vhigh,378,0,1,0,0,0,0,1,0,1,0,0,0,0,1,0,1,0,0,0,1,0
379,vhigh,379,0,1,0,0,0,0,1,0,1,0,0,0,0,1,0,0,1,0,0,1,0
380,vhigh,380,0,1,0,0,0,0,1,0,1,0,0,0,0,1,1,0,0,0,0,1,0
381,vhigh,381,0,1,0,0,0,0,1,0,1,0,0,0,1,0,0,1,0,0,0,1,0
382,vhigh,382,0,1,0,0,0,0,1,0,1,0,0,0,1,0,0,0,1,0,0,1,0
383,vhigh,383,0,1,0,0,0,0,1,0,1,0,0,0,1,0,1,0,0,0,0,1,0
384,vhigh,384,0,1,0,0,0,0,1,0,1,0,0,1,0,0,0,1,0,0,0,1,0
385,vhigh,385,0,1,0,0,0,0,1,0,1,0,0,1,0,0,0,0,1,0,0,1,0
386,vhigh,386,0,1,0,0,0,0,1,0,1,0,0,1,0,0,1,0,0,0,0,1,0
387,vhigh,387,0,1,0,0,0,0,1,0,0,1,0,0,0,1,0,1,0,0,0,1,0
388,vhigh,388,0,1,0,0,0,0,1,0,0,1,0,0,0,1,0,0,1,0,0,1,0
389,vhigh,389,0,1,0,0,0,0,1,0,0,1,0,0,0,1,1,0,0,1,0,0,0
390,vhigh,390,0,1,0,0,0,0,1,0,0,1,0,0,1,0,0,1,0,0,0,1,0
391,vhigh,391,0,1,0,0,0,0,1,0,0,1,0,0,1,0,0,0,1,1,0,0,0
392,vhigh,392,0,1,0,0,0,0,1,0,0,1,0,0,1,0,1,0,0,1,0,0,0
393,vhigh,393,0,1,0,0,0,0,1,0,0,1,0,1,0,0,0,1,0,0,0,1,0
394,vhigh,394,0,1,0,0,0,0,1,0,0,1,0,1,0,0,0,0,1,1,0,0,0
395,vhigh,395,0,1,0,0,0,0,1,0,0,1,0,1,0,0,1,0,0,1,0,0,0
396,vhigh,396,0,1,0,0,0,0,1,0,0,0,1,0,0,1,0,1,0,0,0,1,0
397,vhigh,397,0,1,0,0,0,0,1,0,0,0,1,0,0,1,0,0,1,0,0,1,0
398,vhigh,398,0,1,0,0,0,0,1,0,0,0,1,0,0,1,1,0,0,1,0,0,0
399,vhigh,399,0,1,0,0,0,0,1,0,0,0,1,0,1,0,0,1,0,0,0,1,0
400,vhigh,400,0,1,0,0,0,0,1,0,0,0,1,0,1,0,0,0,1,1,0,0,0
401,vhigh,401,0,1,0,0,0,0,1,0,0,0,1,0,1,0,1,0,0,1,0,0,0
402,vhigh,402,0,1,0,0,0,0,1,0,0,0,1,1,0,0,0,1,0,0,0,1,0
403,vhigh,403,0,1,0,0,0,0,1,0,0,0,1,1,0,0,0,0,1,1,0,0,0
404,vhigh,404,0,1,0,0,0,0,1,0,0,0,1,1,0,0,1,0,0,1,0,0,0
405,vhigh,405,0,1,0,0,0,0,0,1,1,0,0,0,0,1,0,1,0,0,0,1,0
406,vhigh,406,0,1,0,0,0,0,0,1,1,0,0,0,0,1,0,0,1,0,0,1,0
407,vhigh,407,0,1,0,0,0,0,0,1,1,0,0,0,0,1,1,0,0,0,0,1,0
408,vhigh,408,0,1,0,0,0,0,0,1,1,0,0,0,1,0,0,1,0,0,0,1,0
409,vhigh,409,0,1,0,0,0,0,0,1,1,0,0,0,1,0,0,0,1,0,0,1,0
410,vhigh,410,0,1,0,0,0,0,0,1,1,0,0,0,1,0,1,0,0,0,0,1,0
411,vhigh,411,0,1,0,0,0,0,0,1,1,0,0,1,0,0,0,1,0,0,0,1,0
412,vhigh,412,0,1,0,0,0,0,0,1,1,0,0,1,0,0,0,0,1,0,0,1,0
413,vhigh,413,0,1,0,0,0,0,0,1,1,0,0,1,0,0,1,0,0,0,0,1,0
414,vhigh,414,0,1,0,0,0,0,0,1,0,1,0,0,0,1,0,1,0,0,0,1,0
415,vhigh,415,0,1,0,0,0,0,0,1,0,1,0,0,0,1,0,0,1,0,0,1,0
416,vhigh,416,0,1,0,0,0,0,0,1,0,1,0,0,0,1,1,0,0,1,0,0,0
417,vhigh,417,0,1,0,0,0,0,0,1,0,1,0,0,1,0,0,1,0,0,0,1,0
418,vhigh,418,0,1,0,0,0,0,0,1,0,1,0,0,1,0,0,0,1,1,0,0,0
419,vhigh,419,0,1,0,0,0,0,0,1,0,1,0,0,1,0,1,0,0,1,0,0,0
420,vhigh,420,0,1,0,0,0,0,0,1,0,1,0,1,0,0,0,1,0,0,0,1,0
421,vhigh,421,0,1,0,0,0,0,0,1,0,1,0,1,0,0,0,0,1,1,0,0,0
422,vhigh,422,0,1,0,0,0,0,0,1,0,1,0,1,0,0,1,0,0,1,0,0,0
423,vhigh,423,0,1,0,0,0,0,0,1,0,0,1,0,0,1,0,1,0,0,0,1,0
424,vhigh,424,0,1,0,0,0,0,0,1,0,0,1,0,0,1,0,0,1,0,0,1,0
425,vhigh,425,0,1,0,0,0,0,0,1,0,0,1,0,0,1,1,0,0,1,0,0,0
426,vhigh,426,0,1,0,0,0,0,0,1,0,0,1,0,1,0,0,1,0,0,0,1,0
427,vhigh,427,0,1,0,0,0,0,0,1,0,0,1,0,1,0,0,0,1,1,0,0,0
428,vhigh,428,0,1,0,0,0,0,0,1,0,0,1,0,1,0,1,0,0,1,0,0,0
429,vhigh,429,0,1,0,0,0,0,0,1,0,0,1,1,0,0,0,1,0,0,0,1,0
430,vhigh,430,0,1,0,0,0,0,0,1,0,0,1,1,0,0,0,0,1,1,0,0,0
431,vhigh,431,0,1,0,0,0,0,0,1,0,0,1,1,0,0,1,0,0,1,0,0,0
432,high,432,0,0,0,1,1,0,0,0,1,0,0,0,0,1,0,1,0,0,0,1,0
433,high,433,0,0,0,1,1,0,0,0,1,0,0,0,0,1,0,0,1,0,0,1,0
434,high,434,0,0,0,1,1,0,0,0,1,0,0,0,0,1,1,0,0,0,0,1,0
435,high,435,0,0,0,1,1,0,0,0,1,0,0,0,1,0,0,1,0,0,0,1,0
436,high,436,0,0,0,1,1,0,0,0,1,0,0,0,1,0,0,0,1,0,0,1,0
437,high,437,0,0,0,1,1,0,0,0,1,0,0,0,1,0,1,0,0,0,0,1,0
438,high,438,0,0,0,1,1,0,0,0,1,0,0,1,0,0,0,1,0,0,0,1,0
439,high,439,0,0,0,1,1,0,0,0,1,0,0,1,0,0,0,0,1,0,0,1,0
440,high,440,0,0,0,1,1,0,0,0,1,0,0,1,0,0,1,0,0,0,0,1,0
441,high,441,0,0,0,1,1,0,0,0,0,1,0,0,0,1,0,1,0,0,0,1,0
442,high,442,0,0,0,1,1,0,0,0,0,1,0,0,0,1,0,0,1,0,0,1,0
443,high,443,0,0,0,1,1,0,0,0,0,1,0,0,0,1,1,0,0,0,0,1,0
444,high,444,0,0,0,1,1,0,0,0,0,1,0,0,1,0,0,1,0,0,0,1,0
445,high,445,0,0,0,1,1,0,0,0,0,1,0,0,1,0,0,0,1,0,0,1,0
446,high,446,0,0,0,1,1,0,0,0,0,1,0,0,1,0,1,0,0,0,0,1,0
447,high,447,0,0,0,1,1,0,0,0,0,1,0,1,0,0,0,1,0,0,0,1,0
448,high,448,0,0,0,1,1,0,0,0,0,1,0,1,0,0,0,0,1,0,0,1,0
449,high,449,0,0,0,1,1,0,0,0,0,1,0,1,0,0,1,0,0,0,0,1,0
450,high,450,0,0,0,1,1,0,0,0,0,0,1,0,0,1,0,1,0,0,0,1,0
451,high,451,0,0,0,1,1,0,0,0,0,0,1,0,0,1,0,0,1,0,0,1,0
452,high,452,0,0,0,1,1,0,0,0,0,0,1,0,0,1,1,0,0,0,0,1,0
453,high,453,0,0,0,1,1,0,0,0,0,0,1,0,1,0,0,1,0,0,0,1,0
454,high,454,0,0,0,1,1,0,0,0,0,0,1,0,1,0,0,0,1,0,0,1,0
455,high,455,0,0,0,1,1,0,0,0,0,0,1,0,1,0,1,0,0,0,0,1,0
456,high,456,0,0,0,1,1,0,0,0,0,0,1,1,0,0,0,1,0,0,0,1,0
457,high,457,0,0,0,1,1,0,0,0,0,0,1,1,0,0,0,0,1,0,0,1,0
458,high,458,0,0,0,1,1,0,0,0,0,0,1,1,0,0,1,0,0,0,0,1,0
459,high,459,0,0,0,1,0,1,0,0,1,0,0,0,0,1,0,1,0,0,0,1,0
460,high,460,0,0,0,1,0,1,0,0,1,0,0,0,0,1,0,0,1,0,0,1,0
461,high,461,0,0,0,1,0,1,0,0,1,0,0,0,0,1,1,0,0,0,0,1,0
462,high,462,0,0,0,1,0,1,0,0,1,0,0,0,1,0,0,1,0,0,0,1,0
463,high,463,0,0,0,1,0,1,0,0,1,0,0,0,1,0,0,0,1,0,0,1,0
464,high,464,0,0,0,1,0,1,0,0,1,0,0,0,1,0,1,0,0,0,0,1,0
465,high,465,0,0,0,1,0,1,0,0,1,0,0,1,0,0,0,1,0,0,0,1,0
466,high,466,0,0,0,1,0,1,0,0,1,0,0,1,0,0,0,0,1,0,0,1,0
467,high,467,0,0,0,1,0,1,0,0,1,0,0,1,0,0,1,0,0,0,0,1,0
468,high,468,0,0,0,1,0,1,0,0,0,1,0,0,0,1,0,1,0,0,0,1,0
469,high,469,0,0,0,1,0,1,0,0,0,1,0,0,0,1,0,0,1,0,0,1,0
470,high,470,0,0,0,1,0,1,0,0,0,1,0,0,0,1,1,0,0,0,0,1,0
471,high,471,0,0,0,1,0,1,0,0,0,1,0,0,1,0,0,1,0,0,0,1,0
472,high,472,0,0,0,1,0,1,0,0,0,1,0,0,1,0,0,0,1,0,0,1,0
473,high,473,0,0,0,1,0,1,0,0,0,1,0,0,1,0,1,0,0,0,0,1,0
474,high,474,0,0,0,1,0,1,0,0,0,1,0,1,0,0,0,1,0,0,0,1,0
475,high,475,0,0,0,1,0,1,0,0,0,1,0,1,0,0,0,0,1,0,0,1,0
476,high,476,0,0,0,1,0,1,0,0,0,1,0,1,0,0,1,0,0,0,0,1,0
477,high,477,0,0,0,1,0,1,0,0,0,0,1,0,0,1,0,1,0,0,0,1,0
478,high,478,0,0,0,1,0,1,0,0,0,0,1,0,0,1,0,0,1,0,0,1,0
479,high,479,0,0,0,1,0,1,0,0,0,0,1,0,0,1,1,0,0,0,0,1,0
480,high,480,0,0,0,1,0,1,0,0,0,0,1,0,1,0,0,1,0,0,0,1,0
481,high,481,0,0,0,1,0,1,0,0,0,0,1,0,1,0,0,0,1,0,0,1,0
482,high,482,0,0,0,1,0,1,0,0,0,0,1,0,1,0,1,0,0,0,0,1,0
483,high,483,0,0,0,1,0,1,0,0,0,0,1,1,0,0,0,1,0,0,0,1,0
484,high,484,0,0,0,1,0,1,0,0,0,0,1,1,0,0,0,0,1,0,0,1,0
485,high,485,0,0,0,1,0,1,0,0,0,0,1,1,0,0,1,0,0,0,0,1,0
486,high,486,0,0,0,1,0,0,1,0,1,0,0,0,0,1,0,1,0,0,0,1,0
487,high,487,0,0,0,1,0,0,1,0,1,0,0,0,0,1,0,0,1,0,0,1,0
488,high,488,0,0,0,1,0,0,1,0,1,0,0,0,0,1,1,0,0,0,0,1,0
489,high,489,0,0,0,1,0,0,1,0,1,0,0,0,1,0,0,1,0,0,0,1,0
490,high,490,0,0,0,1,0,0,1,0,1,0,0,0,1,0,0,0,1,0,0,1,0
491,high,491,0,0,0,1,0,0,1,0,1,0,0,0,1,0,1,0,0,0,0,1,0
492,high,492,0,0,0,1,0,0,1,0,1,0,0,1,0,0,0,1,0,0,0,1,0
493,high,493,0,0,0,1,0,0,1,0,1,0,0,1,0,0,0,0,1,0,0,1,0
494,high,494,0,0,0,1,0,0,1,0,1,0,0,1,0,0,1,0,0,0,0,1,0
495,high,495,0,0,0,1,0,0,1,0,0,1,0,0,0,1,0,1,0,0,0,1,0
496,high,496,0,0,0,1,0,0,1,0,0,1,0,0,0,1,0,0,1,0,0,1,0
497,high,497,0,0,0,1,0,0,1,0,0,1,0,0,0,1,1,0,0,0,0,1,0
498,high,498,0,0,0,1,0,0,1,0,0,1,0,0,1,0,0,1,0,0,0,1,0
499,high,499,0,0,0,1,0,0,1,0,0,1,0,0,1,0,0,0,1,0,0,1,0
500,high,500,0,0,0,1,0,0,1,0,0,1,0,0,1,0,1,0,0,0,0,1,0
501,high,501,0,0,0,1,0,0,1,0,0,1,0,1,0,0,0,1,0,0,0,1,0
502,high,502,0,0,0,1,0,0,1,0,0,1,0,1,0,0,0,0,1,0,0,1,0
503,high,503,0,0,0,1,0,0,1,0,0,1,0,1,0,0,1,0,0,0,0,1,0
504,high,504,0,0,0,1,0,0,1,0,0,0,1,0,0,1,0,1,0,0,0,1,0
505,high,505,0,0,0,1,0,0,1,0,0,0,1,0,0,1,0,0,1,0,0,1,0
506,high,506,0,0,0,1,0,0,1,0,0,0,1,0,0,1,1,0,0,0,0,1,0
507,high,507,0,0,0,1,0,0,1,0,0,0,1,0,1,0,0,1,0,0,0,1,0
508,high,508,0,0,0,1,0,0,1,0,0,0,1,0,1,0,0,0,1,0,0,1,0
509,high,509,0,0,0,1,0,0,1,0,0,0,1,0,1,0,1,0,0,0,0,1,0
510,high,510,0,0,0,1,0,0,1,0,0,0,1,1,0,0,0,1,0,0,0,1,0
511,high,511,0,0,0,1,0,0,1,0,0,0,1,1,0,0,0,0,1,0,0,1,0
512,high,512,0,0,0,1,0,0,1,0,0,0,1,1,0,0,1,0,0,0,0,1,0
513,high,513,0,0,0,1,0,0,0,1,1,0,0,0,0,1,0,1,0,0,0,1,0
514,high,514,0,0,0,1,0,0,0,1,1,0,0,0,0,1,0,0,1,0,0,1,0
515,high,515,0,0,0,1,0,0,0,1,1,0,0,0,0,1,1,0,0,0,0,1,0
516,high,516,0,0,0,1,0,0,0,1,1,0,0,0,1,0,0,1,0,0,0,1,0
517,high,517,0,0,0,1,0,0,0,1,1,0,0,0,1,0,0,0,1,0,0,1,0
518,high,518,0,0,0,1,0,0,0,1,1,0,0,0,1,0,1,0,0,0,0,1,0
519,high,519,0,0,0,1,0,0,0,1,1,0,0,1,0,0,0,1,0,0,0,1,0
520,high,520,0,0,0,1,0,0,0,1,1,0,0,1,0,0,0,0,1,0,0,1,0
521,high,521,0,0,0,1,0,0,0,1,1,0,0,1,0,0,1,0,0,0,0,1,0
522,high,522,0,0,0,1,0,0,0,1,0,1,0,0,0,1,0,1,0,0,0,1,0
523,high,523,0,0,0,1,0,0,0,1,0,1,0,0,0,1,0,0,1,0,0,1,0
524,high,524,0,0,0,1,0,0,0,1,0,1,0,0,0,1,1,0,0,0,0,1,0
525,high,525,0,0,0,1,0,0,0,1,0,1,0,0,1,0,0,1,0,0,0,1,0
526,high,526,0,0,0,1,0,0,0,1,0,1,0,0,1,0,0,0,1,0,0,1,0
527,high,527,0,0,0,1,0,0,0,1,0,1,0,0,1,0,1,0,0,0,0,1,0
528,high,528,0,0,0,1,0,0,0,1,0,1,0,1,0,0,0,1,0,0,0,1,0
529,high,529,0,0,0,1,0,0,0,1,0,1,0,1,0,0,0,0,1,0,0,1,0
530,high,530,0,0,0,1,0,0,0,1,0,1,0,1,0,0,1,0,0,0,0,1,0
531,high,531,0,0,0,1,0,0,0,1,0,0,1,0,0,1,0,1,0,0,0,1,0
532,high,532,0,0,0,1,0,0,0,1,0,0,1,0,0,1,0,0,1,0,0,1,0
533,high,533,0,0,0,1,0,0,0,1,0,0,1,0,0,1,1,0,0,0,0,1,0
534,high,534,0,0,0,1,0,0,0,1,0,0,1,0,1,0,0,1,0,0,0,1,0
535,high,535,0,0,0,1,0,0,0,1,0,0,1,0,1,0,0,0,1,0,0,1,0
536,high,536,0,0,0,1,0,0,0,1,0,0,1,0,1,0,1,0,0,0,0,1,0
537,high,537,0,0,0,1,0,0,0,1,0,0,1,1,0,0,0,1,0,0,0,1,0
538,high,538,0,0,0,1,0,0,0,1,0,0,1,1,0,0,0,0,1,0,0,1,0
539,high,539,0,0,0,1,0,0,0,1,0,0,1,1,0,0,1,0,0,0,0,1,0
540,high,540,1,0,0,0,1,0,0,0,1,0,0,0,0,1,0,1,0,0,0,1,0
541,high,541,1,0,0,0,1,0,0,0,1,0,0,0,0,1,0,0,1,0,0,1,0
542,high,542,1,0,0,0,1,0,0,0,1,0,0,0,0,1,1,0,0,0,0,1,0
543,high,543,1,0,0,0,1,0,0,0,1,0,0,0,1,0,0,1,0,0,0,1,0
544,high,544,1,0,0,0,1,0,0,0,1,0,0,0,1,0,0,0,1,0,0,1,0
545,high,545,1,0,0,0,1,0,0,0,1,0,0,0,1,0,1,0,0,0,0,1,0
546,high,546,1,0,0,0,1,0,0,0,1,0,0,1,0,0,0,1,0,0,0,1,0
547,high,547,1,0,0,0,1,0,0,0,1,0,0,1,0,0,0,0,1,0,0,1,0
548,high,548,1,0,0,0,1,0,0,0,1,0,0,1,0,0,1,0,0,0,0,1,0
549,high,549,1,0,0,0,1,0,0,0,0,1,0,0,0,1,0,1,0,0,0,1,0
550,high,550,1,0,0,0,1,0,0,0,0,1,0,0,0,1,0,0,1,0,0,1,0
551,high,551,1,0,0,0,1,0,0,0,0,1,0,0,0,1,1,0,0,1,0,0,0
552,high,552,1,0,0,0,1,0,0,0,0,1,0,0,1,0,0,1,0,0,0,1,0
553,high,553,1,0,0,0,1,0,0,0,0,1,0,0,1,0,0,0,1,0,0,1,0
554,high,554,1,0,0,0,1,0,0,0,0,1,0,0,1,0,1,0,0,1,0,0,0
555,high,555,1,0,0,0,1,0,0,0,0,1,0,1,0,0,0,1,0,0,0,1,0
556,high,556,1,0,0,0,1,0,0,0,0,1,0,1,0,0,0,0,1,1,0,0,0
557,high,557,1,0,0,0,1,0,0,0,0,1,0,1,0,0,1,0,0,1,0,0,0
558,high,558,1,0,0,0,1,0,0,0,0,0,1,0,0,1,0,1,0,0,0,1,0
559,high,559,1,0,0,0,1,0,0,0,0,0,1,0,0,1,0,0,1,0,0,1,0
560,high,560,1,0,0,0,1,0,0,0,0,0,1,0,0,1,1,0,0,0,0,1,0
561,high,561,1,0,0,0,1,0,0,0,0,0,1,0,1,0,0,1,0,0,0,1,0
562,high,562,1,0,0,0,1,0,0,0,0,0,1,0,1,0,0,0,1,0,0,1,0
563,high,563,1,0,0,0,1,0,0,0,0,0,1,0,1,0,1,0,0,1,0,0,0
564,high,564,1,0,0,0,1,0,0,0,0,0,1,1,0,0,0,1,0,0,0,1,0
565,high,565,1,0,0,0,1,0,0,0,0,0,1,1,0,0,0,0,1,1,0,0,0
566,high,566,1,0,0,0,1,0,0,0,0,0,1,1,0,0,1,0,0,1,0,0,0
567,high,567,1,0,0,0,0,1,0,0,1,0,0,0,0,1,0,1,0,0,0,1,0
568,high,568,1,0,0,0,0,1,0,0,1,0,0,0,0,1,0,0,1,0,0,1,0
569,high,569,1,0,0,0,0,1,0,0,1,0,0,0,0,1,1,0,0,0,0,1,0
570,high,570,1,0,0,0,0,1,0,0,1,0,0,0,1,0,0,1,0,0,0,1,0
571,high,571,1,0,0,0,0,1,0,0,1,0,0,0,1,0,0,0,1,0,0,1,0
572,high,572,1,0,0,0,0,1,0,0,1,0,0,0,1,0,1,0,0,0,0,1,0
573,high,573,1,0,0,0,0,1,0,0,1,0,0,1,0,0,0,1,0,0,0,1,0
574,high,574,1,0,0,0,0,1,0,0,1,0,0,1,0,0,0,0,1,0,0,1,0
575,high,575,1,0,0,0,0,1,0,0,1,0,0,1,0,0,1,0,0,0,0,1,0
576,high,576,1,0,0,0,0,1,0,0,0,1,0,0,0,1,0,1,0,0,0,1,0
577,high,577,1,0,0,0,0,1,0,0,0,1,0,0,0,1,0,0,1,0,0,1,0
578,high,578,1,0,0,0,0,1,0,0,0,1,0,0,0,1,1,0,0,1,0,0,0
579,high,579,1,0,0,0,0,1,0,0,0,1,0,0,1,0,0,1,0,0,0,1,0
580,high,580,1,0,0,0,0,1,0,0,0,1,0,0,1,0,0,0,1,0,0,1,0
581,high,581,1,0,0,0,0,1,0,0,0,1,0,0,1,0,1,0,0,1,0,0,0
582,high,582,1,0,0,0,0,1,0,0,0,1,0,1,0,0,0,1,0,0,0,1,0
583,high,583,1,0,0,0,0,1,0,0,0,1,0,1,0,0,0,0,1,1,0,0,0
584,high,584,1,0,0,0,0,1,0,0,0,1,0,1,0,0,1,0,0,1,0,0,0
585,high,585,1,0,0,0,0,1,0,0,0,0,1,0,0,1,0,1,0,0,0,1,0
586,high,586,1,0,0,0,0,1,0,0,0,0,1,0,0,1,0,0,1,0,0,1,0
587,high,587,1,0,0,0,0,1,0,0,0,0,1,0,0,1,1,0,0,1,0,0,0
588,high,588,1,0,0,0,0,1,0,0,0,0,1,0,1,0,0,1,0,0,0,1,0
589,high,589,1,0,0,0,0,1,0,0,0,0,1,0,1,0,0,0,1,1,0,0,0
590,high,590,1,0,0,0,0,1,0,0,0,0,1,0,1,0,1,0,0,1,0,0,0
591,high,591,1,0,0,0,0,1,0,0,0,0,1,1,0,0,0,1,0,0,0,1,0
592,high,592,1,0,0,0,0,1,0,0,0,0,1,1,0,0,0,0,1,1,0,0,0
593,high,593,1,0,0,0,0,1,0,0,0,0,1,1,0,0,1,0,0,1,0,0,0
594,high,594,1,0,0,0,0,0,1,0,1,0,0,0,0,1,0,1,0,0,0,1,0
595,high,595,1,0,0,0,0,0,1,0,1,0,0,0,0,1,0,0,1,0,0,1,0
596,high,596,1,0,0,0,0,0,1,0,1,0,0,0,0,1,1,0,0,0,0,1,0
597,high,597,1,0,0,0,0,0,1,0,1,0,0,0,1,0,0,1,0,0,0,1,0
598,high,598,1,0,0,0,0,0,1,0,1,0,0,0,1,0,0,0,1,0,0,1,0
599,high,599,1,0,0,0,0,0,1,0,1,0,0,0,1,0,1,0,0,0,0,1,0
600,high,600,1,0,0,0,0,0,1,0,1,0,0,1,0,0,0,1,0,0,0,1,0
601,high,601,1,0,0,0,0,0,1,0,1,0,0,1,0,0,0,0,1,0,0,1,0
602,high,602,1,0,0,0,0,0,1,0,1,0,0,1,0,0,1,0,0,0,0,1,0
603,high,603,1,0,0,0,0,0,1,0,0,1,0,0,0,1,0,1,0,0,0,1,0
604,high,604,1,0,0,0,0,0,1,0,0,1,0,0,0,1,0,0,1,0,0,1,0
605,high,605,1,0,0,0,0,0,1,0,0,1,0,0,0,1,1,0,0,1,0,0,0
606,high,606,1,0,0,0,0,0,1,0,0,1,0,0,1,0,0,1,0,0,0,1,0
607,high,607,1,0,0,0,0,0,1,0,0,1,0,0,1,0,0,0,1,1,0,0,0
608,high,608,1,0,0,0,0,0,1,0,0,1,0,0,1,0,1,0,0,1,0,0,0
609,high,609,1,0,0,0,0,0,1,0,0,1,0,1,0,0,0,1,0,0,0,1,0
610,high,610,1,0,0,0,0,0,1,0,0,1,0,1,0,0,0,0,1,1,0,0,0
611,high,611,1,0,0,0,0,0,1,0,0,1,0,1,0,0,1,0,0,1,0,0,0
612,high,612,1,0,0,0,0,0,1,0,0,0,1,0,0,1,0,1,0,0,0,1,0
613,high,613,1,0,0,0,0,0,1,0,0,0,1,0,0,1,0,0,1,0,0,1,0
614,high,614,1,0,0,0,0,0,1,0,0,0,1,0,0,1,1,0,0,1,0,0,0
615,high,615,1,0,0,0,0,0,1,0,0,0,1,0,1,0,0,1,0,0,0,1,0
616,high,616,1,0,0,0,0,0,1,0,0,0,1,0,1,0,0,0,1,1,0,0,0
617,high,617,1,0,0,0,0,0,1,0,0,0,1,0,1,0,1,0,0,1,0,0,0
618,high,618,1,0,0,0,0,0,1,0,0,0,1,1,0,0,0,1,0,0,0,1,0
619,high,619,1,0,0,0,0,0,1,0,0,0,1,1,0,0,0,0,1,1,0,0,0
620,high,620,1,0,0,0,0,0,1,0,0,0,1,1,0,0,1,0,0,1,0,0,0
621,high,621,1,0,0,0,0,0,0,1,1,0,0,0,0,1,0,1,0,0,0,1,0
622,high,622,1,0,0,0,0,0,0,1,1,0,0,0,0,1,0,0,1,0,0,1,0
623,high,623,1,0,0,0,0,0,0,1,1,0,0,0,0,1,1,0,0,0,0,1,0
624,high,624,1,0,0,0,0,0,0,1,1,0,0,0,1,0,0,1,0,0,0,1,0
625,high,625,1,0,0,0,0,0,0,1,1,0,0,0,1,0,0,0,1,0,0,1,0
626,high,626,1,0,0,0,0,0,0,1,1,0,0,0,1,0,1,0,0,0,0,1,0
627,high,627,1,0,0,0,0,0,0,1,1,0,0,1,0,0,0,1,0,0,0,1,0
628,high,628,1,0,0,0,0,0,0,1,1,0,0,1,0,0,0,0,1,0,0,1,0
629,high,629,1,0,0,0,0,0,0,1,1,0,0,1,0,0,1,0,0,0,0,1,0
630,high,630,1,0,0,0,0,0,0,1,0,1,0,0,0,1,0,1,0,0,0,1,0
631,high,631,1,0,0,0,0,0,0,1,0,1,0,0,0,1,0,0,1,0,0,1,0
632,high,632,1,0,0,0,0,0,0,1,0,1,0,0,0,1,1,0,0,1,0,0,0
633,high,633,1,0,0,0,0,0,0,1,0,1,0,0,1,0,0,1,0,0,0,1,0
634,high,634,1,0,0,0,0,0,0,1,0,1,0,0,1,0,0,0,1,1,0,0,0
635,high,635,1,0,0,0,0,0,0,1,0,1,0,0,1,0,1,0,0,1,0,0,0
636,high,636,1,0,0,0,0,0,0,1,0,1,0,1,0,0,0,1,0,0,0,1,0
637,high,637,1,0,0,0,0,0,0,1,0,1,0,1,0,0,0,0,1,1,0,0,0
638,high,638,1,0,0,0,0,0,0,1,0,1,0,1,0,0,1,0,0,1,0,0,0
639,high,639,1,0,0,0,0,0,0,1,0,0,1,0,0,1,0,1,0,0,0,1,0
640,high,640,1,0,0,0,0,0,0,1,0,0,1,0,0,1,0,0,1,0,0,1,0
641,high,641,1,0,0,0,0,0,0,1,0,0,1,0,0,1,1,0,0,1,0,0,0
642,high,642,1,0,0,0,0,0,0,1,0,0,1,0,1,0,0,1,0,0,0,1,0
643,high,643,1,0,0,0,0,0,0,1,0,0,1,0,1,0,0,0,1,1,0,0,0
644,high,644,1,0,0,0,0,0,0,1,0,0,1,0,1,0,1,0,0,1,0,0,0
645,high,645,1,0,0,0,0,0,0,1,0,0,1,1,0,0,0,1,0,0,0,1,0
646,high,646,1,0,0,0,0,0,0,1,0,0,1,1,0,0,0,0,1,1,0,0,0
647,high,647,1,0,0,0,0,0,0,1,0,0,1,1,0,0,1,0,0,1,0,0,0
648,high,648,0,0,1,0,1,0,0,0,1,0,0,0,0,1,0,1,0,0,0,1,0
649,high,649,0,0,1,0,1,0,0,0,1,0,0,0,0,1,0,0,1,0,0,1,0
650,high,650,0,0,1,0,1,0,0,0,1,0,0,0,0,1,1,0,0,0,0,1,0
651,high,651,0,0,1,0,1,0,0,0,1,0,0,0,1,0,0,1,0,0,0,1,0
652,high,652,0,0,1,0,1,0,0,0,1,0,0,0,1,0,0,0,1,0,0,1,0
653,high,653,0,0,1,0,1,0,0,0,1,0,0,0,1,0,1,0,0,0,0,1,0
654,high,654,0,0,1,0,1,0,0,0,1,0,0,1,0,0,0,1,0,0,0,1,0
655,high,655,0,0,1,0,1,0,0,0,1,0,0,1,0,0,0,0,1,0,0,1,0
656,high,656,0,0,1,0,1,0,0,0,1,0,0,1,0,0,1,0,0,0,0,1,0
657,high,657,0,0,1,0,1,0,0,0,0,1,0,0,0,1,0,1,0,0,0,1,0
658,high,658,0,0,1,0,1,0,0,0,0,1,0,0,0,1,0,0,1,0,0,1,0
659,high,659,0,0,1,0,1,0,0,0,0,1,0,0,0,1,1,0,0,1,0,0,0
660,high,660,0,0,1,0,1,0,0,0,0,1,0,0,1,0,0,1,0,0,0,1,0
661,high,661,0,0,1,0,1,0,0,0,0,1,0,0,1,0,0,0,1,0,0,1,0
662,high,662,0,0,1,0,1,0,0,0,0,1,0,0,1,0,1,0,0,1,0,0,0
663,high,663,0,0,1,0,1,0,0,0,0,1,0,1,0,0,0,1,0,0,0,1,0
664,high,664,0,0,1,0,1,0,0,0,0,1,0,1,0,0,0,0,1,1,0,0,0
665,high,665,0,0,1,0,1,0,0,0,0,1,0,1,0,0,1,0,0,1,0,0,0
666,high,666,0,0,1,0,1,0,0,0,0,0,1,0,0,1,0,1,0,0,0,1,0
667,high,667,0,0,1,0,1,0,0,0,0,0,1,0,0,1,0,0,1,0,0,1,0
668,high,668,0,0,1,0,1,0,0,0,0,0,1,0,0,1,1,0,0,0,0,1,0
669,high,669,0,0,1,0,1,0,0,0,0,0,1,0,1,0,0,1,0,0,0,1,0
670,high,670,0,0,1,0,1,0,0,0,0,0,1,0,1,0,0,0,1,0,0,1,0
671,high,671,0,0,1,0,1,0,0,0,0,0,1,0,1,0,1,0,0,1,0,0,0
672,high,672,0,0,1,0,1,0,0,0,0,0,1,1,0,0,0,1,0,0,0,1,0
673,high,673,0,0,1,0,1,0,0,0,0,0,1,1,0,0,0,0,1,1,0,0,0
674,high,674,0,0,1,0,1,0,0,0,0,0,1,1,0,0,1,0,0,1,0,0,0
675,high,675,0,0,1,0,0,1,0,0,1,0,0,0,0,1,0,1,0,0,0,1,0
676,high,676,0,0,1,0,0,1,0,0,1,0,0,0,0,1,0,0,1,0,0,1,0
677,high,677,0,0,1,0,0,1,0,0,1,0,0,0,0,1,1,0,0,0,0,1,0
678,high,678,0,0,1,0,0,1,0,0,1,0,0,0,1,0,0,1,0,0,0,1,0
679,high,679,0,0,1,0,0,1,0,0,1,0,0,0,1,0,0,0,1,0,0,1,0
680,high,680,0,0,1,0,0,1,0,0,1,0,0,0,1,0,1,0,0,0,0,1,0
681,high,681,0,0,1,0,0,1,0,0,1,0,0,1,0,0,0,1,0,0,0,1,0
682,high,682,0,0,1,0,0,1,0,0,1,0,0,1,0,0,0,0,1,0,0,1,0
683,high,683,0,0,1,0,0,1,0,0,1,0,0,1,0,0,1,0,0,0,0,1,0
684,high,684,0,0,1,0,0,1,0,0,0,1,0,0,0,1,0,1,0,0,0,1,0
685,high,685,0,0,1,0,0,1,0,0,0,1,0,0,0,1,0,0,1,0,0,1,0
686,high,686,0,0,1,0,0,1,0,0,0,1,0,0,0,1,1,0,0,1,0,0,0
687,high,687,0,0,1,0,0,1,0,0,0,1,0,0,1,0,0,1,0,0,0,1,0
688,high,688,0,0,1,0,0,1,0,0,0,1,0,0,1,0,0,0,1,0,0,1,0
689,high,689,0,0,1,0,0,1,0,0,0,1,0,0,1,0,1,0,0,1,0,0,0
690,high,690,0,0,1,0,0,1,0,0,0,1,0,1,0,0,0,1,0,0,0,1,0
691,high,691,0,0,1,0,0,1,0,0,0,1,0,1,0,0,0,0,1,1,0,0,0
692,high,692,0,0,1,0,0,1,0,0,0,1,0,1,0,0,1,0,0,1,0,0,0
693,high,693,0,0,1,0,0,1,0,0,0,0,1,0,0,1,0,1,0,0,0,1,0
694,high,694,0,0,1,0,0,1,0,0,0,0,1,0,0,1,0,0,1,0,0,1,0
695,high,695,0,0,1,0,0,1,0,0,0,0,1,0,0,1,1,0,0,1,0,0,0
696,high,696,0,0,1,0,0,1,0,0,0,0,1,0,1,0,0,1,0,0,0,1,0
697,high,697,0,0,1,0,0,1,0,0,0,0,1,0,1,0,0,0,1,1,0,0,0
698,high,698,0,0,1,0,0,1,0,0,0,0,1,0,1,0,1,0,0,1,0,0,0
699,high,699,0,0,1,0,0,1,0,0,0,0,1,1,0,0,0,1,0,0,0,1,0
700,high,700,0,0,1,0,0,1,0,0,0,0,1,1,0,0,0,0,1,1,0,0,0
701,high,701,0,0,1,0,0,1,0,0,0,0,1,1,0,0,1,0,0,1,0,0,0
702,high,702,0,0,1,0,0,0,1,0,1,0,0,0,0,1,0,1,0,0,0,1,0
703,high,703,0,0,1,0,0,0,1,0,1,0,0,0,0,1,0,0,1,0,0,1,0
704,high,704,0,0,1,0,0,0,1,0,1,0,0,0,0,1,1,0,0,0,0,1,0
705,high,705,0,0,1,0,0,0,1,0,1,0,0,0,1,0,0,1,0,0,0,1,0
706,high,706,0,0,1,0,0,0,1,0,1,0,0,0,1,0,0,0,1,0,0,1,0
707,high,707,0,0,1,0,0,0,1,0,1,0,0,0,1,0,1,0,0,0,0,1,0
708,high,708,0,0,1,0,0,0,1,0,1,0,0,1,0,0,0,1,0,0,0,1,0
709,high,709,0,0,1,0,0,0,1,0,1,0,0,1,0,0,0,0,1,0,0,1,0
710,high,710,0,0,1,0,0,0,1,0,1,0,0,1,0,0,1,0,0,0,0,1,0
711,high,711,0,0,1,0,0,0,1,0,0,1,0,0,0,1,0,1,0,0,0,1,0
712,high,712,0,0,1,0,0,0,1,0,0,1,0,0,0,1,0,0,1,0,0,1,0
713,high,713,0,0,1,0,0,0,1,0,0,1,0,0,0,1,1,0,0,1,0,0,0
714,high,714,0,0,1,0,0,0,1,0,0,1,0,0,1,0,0,1,0,0,0,1,0
715,high,715,0,0,1,0,0,0,1,0,0,1,0,0,1,0,0,0,1,1,0,0,0
716,high,716,0,0,1,0,0,0,1,0,0,1,0,0,1,0,1,0,0,1,0,0,0
717,high,717,0,0,1,0,0,0,1,0,0,1,0,1,0,0,0,1,0,0,0,1,0
718,high,718,0,0,1,0,0,0,1,0,0,1,0,1,0,0,0,0,1,1,0,0,0
719,high,719,0,0,1,0,0,0,1,0,0,1,0,1,0,0,1,0,0,1,0,0,0
720,high,720,0,0,1,0,0,0,1,0,0,0,1,0,0,1,0,1,0,0,0,1,0
721,high,721,0,0,1,0,0,0,1,0,0,0,1,0,0,1,0,0,1,0,0,1,0
722,high,722,0,0,1,0,0,0,1,0,0,0,1,0,0,1,1,0,0,1,0,0,0
723,high,723,0,0,1,0,0,0,1,0,0,0,1,0,1,0,0,1,0,0,0,1,0
724,high,724,0,0,1,0,0,0,1,0,0,0,1,0,1,0,0,0,1,1,0,0,0
725,high,725,0,0,1,0,0,0,1,0,0,0,1,0,1,0,1,0,0,1,0,0,0
726,high,726,0,0,1,0,0,0,1,0,0,0,1,1,0,0,0,1,0,0,0,1,0
727,high,727,0,0,1,0,0,0,1,0,0,0,1,1,0,0,0,0,1,1,0,0,0
728,high,728,0,0,1,0,0,0,1,0,0,0,1,1,0,0,1,0,0,1,0,0,0
729,high,729,0,0,1,0,0,0,0,1,1,0,0,0,0,1,0,1,0,0,0,1,0
730,high,730,0,0,1,0,0,0,0,1,1,0,0,0,0,1,0,0,1,0,0,1,0
731,high,731,0,0,1,0,0,0,0,1,1,0,0,0,0,1,1,0,0,0,0,1,0
732,high,732,0,0,1,0,0,0,0,1,1,0,0,0,1,0,0,1,0,0,0,1,0
733,high,733,0,0,1,0,0,0,0,1,1,0,0,0,1,0,0,0,1,0,0,1,0
734,high,734,0,0,1,0,0,0,0,1,1,0,0,0,1,0,1,0,0,0,0,1,0
735,high,735,0,0,1,0,0,0,0,1,1,0,0,1,0,0,0,1,0,0,0,1,0
736,high,736,0,0,1,0,0,0,0,1,1,0,0,1,0,0,0,0,1,0,0,1,0
737,high,737,0,0,1,0,0,0,0,1,1,0,0,1,0,0,1,0,0,0,0,1,0
738,high,738,0,0,1,0,0,0,0,1,0,1,0,0,0,1,0,1,0,0,0,1,0
739,high,739,0,0,1,0,0,0,0,1,0,1,0,0,0,1,0,0,1,0,0,1,0
740,high,740,0,0,1,0,0,0,0,1,0,1,0,0,0,1,1,0,0,1,0,0,0
741,high,741,0,0,1,0,0,0,0,1,0,1,0,0,1,0,0,1,0,0,0,1,0
742,high,742,0,0,1,0,0,0,0,1,0,1,0,0,1,0,0,0,1,1,0,0,0
743,high,743,0,0,1,0,0,0,0,1,0,1,0,0,1,0,1,0,0,1,0,0,0
744,high,744,0,0,1,0,0,0,0,1,0,1,0,1,0,0,0,1,0,0,0,1,0
745,high,745,0,0,1,0,0,0,0,1,0,1,0,1,0,0,0,0,1,1,0,0,0
746,high,746,0,0,1,0,0,0,0,1,0,1,0,1,0,0,1,0,0,1,0,0,0
747,high,747,0,0,1,0,0,0,0,1,0,0,1,0,0,1,0,1,0,0,0,1,0
748,high,748,0,0,1,0,0,0,0,1,0,0,1,0,0,1,0,0,1,0,0,1,0
749,high,749,0,0,1,0,0,0,0,1,0,0,1,0,0,1,1,0,0,1,0,0,0
750,high,750,0,0,1,0,0,0,0,1,0,0,1,0,1,0,0,1,0,0,0,1,0
751,high,751,0,0,1,0,0,0,0,1,0,0,1,0,1,0,0,0,1,1,0,0,0
752,high,752,0,0,1,0,0,0,0,1,0,0,1,0,1,0,1,0,0,1,0,0,0
753,high,753,0,0,1,0,0,0,0,1,0,0,1,1,0,0,0,1,0,0,0,1,0
754,high,754,0,0,1,0,0,0,0,1,0,0,1,1,0,0,0,0,1,1,0,0,0
755,high,755,0,0,1,0,0,0,0,1,0,0,1,1,0,0,1,0,0,1,0,0,0
756,high,756,0,1,0,0,1,0,0,0,1,0,0,0,0,1,0,1,0,0,0,1,0
757,high,757,0,1,0,0,1,0,0,0,1,0,0,0,0,1,0,0,1,0,0,1,0
758,high,758,0,1,0,0,1,0,0,0,1,0,0,0,0,1,1,0,0,0,0,1,0
759,high,759,0,1,0,0,1,0,0,0,1,0,0,0,1,0,0,1,0,0,0,1,0
760,high,760,0,1,0,0,1,0,0,0,1,0,0,0,1,0,0,0,1,0,0,1,0
761,high,761,0,1,0,0,1,0,0,0,1,0,0,0,1,0,1,0,0,0,0,1,0
762,high,762,0,1,0,0,1,0,0,0,1,0,0,1,0,0,0,1,0,0,0,1,0
763,high,763,0,1,0,0,1,0,0,0,1,0,0,1,0,0,0,0,1,0,0,1,0
764,high,764,0,1,0,0,1,0,0,0,1,0,0,1,0,0,1,0,0,0,0,1,0
765,high,765,0,1,0,0,1,0,0,0,0,1,0,0,0,1,0,1,0,0,0,1,0
766,high,766,0,1,0,0,1,0,0,0,0,1,0,0,0,1,0,0,1,0,0,1,0
767,high,767,0,1,0,0,1,0,0,0,0,1,0,0,0,1,1,0,0,1,0,0,0
768,high,768,0,1,0,0,1,0,0,0,0,1,0,0,1,0,0,1,0,0,0,1,0
769,high,769,0,1,0,0,1,0,0,0,0,1,0,0,1,0,0,0,1,0,0,1,0
770,high,770,0,1,0,0,1,0,0,0,0,1,0,0,1,0,1,0,0,1,0,0,0
771,high,771,0,1,0,0,1,0,0,0,0,1,0,1,0,0,0,1,0,0,0,1,0
772,high,772,0,1,0,0,1,0,0,0,0,1,0,1,0,0,0,0,1,1,0,0,0
773,high,773,0,1,0,0,1,0,0,0,0,1,0,1,0,0,1,0,0,1,0,0,0
774,high,774,0,1,0,0,1,0,0,0,0,0,1,0,0,1,0,1,0,0,0,1,0
775,high,775,0,1,0,0,1,0,0,0,0,0,1,0,0,1,0,0,1,0,0,1,0
776,high,776,0,1,0,0,1,0,0,0,0,0,1,0,0,1,1,0,0,0,0,1,0
777,high,777,0,1,0,0,1,0,0,0,0,0,1,0,1,0,0,1,0,0,0,1,0
778,high,778,0,1,0,0,1,0,0,0,0,0,1,0,1,0,0,0,1,0,0,1,0
779,high,779,0,1,0,0,1,0,0,0,0,0,1,0,1,0,1,0,0,1,0,0,0
780,high,780,0,1,0,0,1,0,0,0,0,0,1,1,0,0,0,1,0,0,0,1,0
781,high,781,0,1,0,0,1,0,0,0,0,0,1,1,0,0,0,0,1,1,0,0,0
782,high,782,0,1,0,0,1,0,0,0,0,0,1,1,0,0,1,0,0,1,0,0,0
783,high,783,0,1,0,0,0,1,0,0,1,0,0,0,0,1,0,1,0,0,0,1,0
784,high,784,0,1,0,0,0,1,0,0,1,0,0,0,0,1,0,0,1,0,0,1,0
785,high,785,0,1,0,0,0,1,0,0,1,0,0,0,0,1,1,0,0,0,0,1,0
786,high,786,0,1,0,0,0,1,0,0,1,0,0,0,1,0,0,1,0,0,0,1,0
787,high,787,0,1,0,0,0,1,0,0,1,0,0,0,1,0,0,0,1,0,0,1,0
788,high,788,0,1,0,0,0,1,0,0,1,0,0,0,1,0,1,0,0,0,0,1,0
789,high,789,0,1,0,0,0,1,0,0,1,0,0,1,0,0,0,1,0,0,0,1,0
790,high,790,0,1,0,0,0,1,0,0,1,0,0,1,0,0,0,0,1,0,0,1,0
791,high,791,0,1,0,0,0,1,0,0,1,0,0,1,0,0,1,0,0,0,0,1,0
792,high,792,0,1,0,0,0,1,0,0,0,1,0,0,0,1,0,1,0,0,0,1,0
793,high,793,0,1,0,0,0,1,0,0,0,1,0,0,0,1,0,0,1,0,0,1,0
794,high,794,0,1,0,0,0,1,0,0,0,1,0,0,0,1,1,0,0,1,0,0,0
795,high,795,0,1,0,0,0,1,0,0,0,1,0,0,1,0,0,1,0,0,0,1,0
796,high,796,0,1,0,0,0,1,0,0,0,1,0,0,1,0,0,0,1,0,0,1,0
797,high,797,0,1,0,0,0,1,0,0,0,1,0,0,1,0,1,0,0,1,0,0,0
798,high,798,0,1,0,0,0,1,0,0,0,1,0,1,0,0,0,1,0,0,0,1,0
799,high,799,0,1,0,0,0,1,0,0,0,1,0,1,0,0,0,0,1,1,0,0,0
800,high,800,0,1,0,0,0,1,0,0,0,1,0,1,0,0,1,0,0,1,0,0,0
801,high,801,0,1,0,0,0,1,0,0,0,0,1,0,0,1,0,1,0,0,0,1,0
802,high,802,0,1,0,0,0,1,0,0,0,0,1,0,0,1,0,0,1,0,0,1,0
803,high,803,0,1,0,0,0,1,0,0,0,0,1,0,0,1,1,0,0,1,0,0,0
804,high,804,0,1,0,0,0,1,0,0,0,0,1,0,1,0,0,1,0,0,0,1,0
805,high,805,0,1,0,0,0,1,0,0,0,0,1,0,1,0,0,0,1,1,0,0,0
806,high,806,0,1,0,0,0,1,0,0,0,0,1,0,1,0,1,0,0,1,0,0,0
807,high,807,0,1,0,0,0,1,0,0,0,0,1,1,0,0,0,1,0,0,0,1,0
808,high,808,0,1,0,0,0,1,0,0,0,0,1,1,0,0,0,0,1,1,0,0,0
809,high,809,0,1,0,0,0,1,0,0,0,0,1,1,0,0,1,0,0,1,0,0,0
810,high,810,0,1,0,0,0,0,1,0,1,0,0,0,0,1,0,1,0,0,0,1,0
811,high,811,0,1,0,0,0,0,1,0,1,0,0,0,0,1,0,0,1,0,0,1,0
812,high,812,0,1,0,0,0,0,1,0,1,0,0,0,0,1,1,0,0,0,0,1,0
813,high,813,0,1,0,0,0,0,1,0,1,0,0,0,1,0,0,1,0,0,0,1,0
814,high,814,0,1,0,0,0,0,1,0,1,0,0,0,1,0,0,0,1,0,0,1,0
815,high,815,0,1,0,0,0,0,1,0,1,0,0,0,1,0,1,0,0,0,0,1,0
816,high,816,0,1,0,0,0,0,1,0,1,0,0,1,0,0,0,1,0,0,0,1,0
817,high,817,0,1,0,0,0,0,1,0,1,0,0,1,0,0,0,0,1,0,0,1,0
818,high,818,0,1,0,0,0,0,1,0,1,0,0,1,0,0,1,0,0,0,0,1,0
819,high,819,0,1,0,0,0,0,1,0,0,1,0,0,0,1,0,1,0,0,0,1,0
820,high,820,0,1,0,0,0,0,1,0,0,1,0,0,0,1,0,0,1,0,0,1,0
821,high,821,0,1,0,0,0,0,1,0,0,1,0,0,0,1,1,0,0,1,0,0,0
822,high,822,0,1,0,0,0,0,1,0,0,1,0,0,1,0,0,1,0,0,0,1,0
823,high,823,0,1,0,0,0,0,1,0,0,1,0,0,1,0,0,0,1,1,0,0,0
824,high,824,0,1,0,0,0,0,1,0,0,1,0,0,1,0,1,0,0,1,0,0,0
825,high,825,0,1,0,0,0,0,1,0,0,1,0,1,0,0,0,1,0,0,0,1,0
826,high,826,0,1,0,0,0,0,1,0,0,1,0,1,0,0,0,0,1,1,0,0,0
827,high,827,0,1,0,0,0,0,1,0,0,1,0,1,0,0,1,0,0,1,0,0,0
828,high,828,0,1,0,0,0,0,1,0,0,0,1,0,0,1,0,1,0,0,0,1,0
829,high,829,0,1,0,0,0,0,1,0,0,0,1,0,0,1,0,0,1,0,0,1,0
830,high,830,0,1,0,0,0,0,1,0,0,0,1,0,0,1,1,0,0,1,0,0,0
831,high,831,0,1,0,0,0,0,1,0,0,0,1,0,1,0,0,1,0,0,0,1,0
832,high,832,0,1,0,0,0,0,1,0,0,0,1,0,1,0,0,0,1,1,0,0,0
833,high,833,0,1,0,0,0,0,1,0,0,0,1,0,1,0,1,0,0,1,0,0,0
834,high,834,0,1,0,0,0,0,1,0,0,0,1,1,0,0,0,1,0,0,0,1,0
835,high,835,0,1,0,0,0,0,1,0,0,0,1,1,0,0,0,0,1,1,0,0,0
836,high,836,0,1,0,0,0,0,1,0,0,0,1,1,0,0,1,0,0,1,0,0,0
837,high,837,0,1,0,0,0,0,0,1,1,0,0,0,0,1,0,1,0,0,0,1,0
838,high,838,0,1,0,0,0,0,0,1,1,0,0,0,0,1,0,0,1,0,0,1,0
839,high,839,0,1,0,0,0,0,0,1,1,0,0,0,0,1,1,0,0,0,0,1,0
840,high,840,0,1,0,0,0,0,0,1,1,0,0,0,1,0,0,1,0,0,0,1,0
841,high,841,0,1,0,0,0,0,0,1,1,0,0,0,1,0,0,0,1,0,0,1,0
842,high,842,0,1,0,0,0,0,0,1,1,0,0,0,1,0,1,0,0,0,0,1,0
843,high,843,0,1,0,0,0,0,0,1,1,0,0,1,0,0,0,1,0,0,0,1,0
844,high,844,0,1,0,0,0,0,0,1,1,0,0,1,0,0,0,0,1,0,0,1,0
845,high,845,0,1,0,0,0,0,0,1,1,0,0,1,0,0,1,0,0,0,0,1,0
846,high,846,0,1,0,0,0,0,0,1,0,1,0,0,0,1,0,1,0,0,0,1,0
847,high,847,0,1,0,0,0,0,0,1,0,1,0,0,0,1,0,0,1,0,0,1,0
848,high,848,0,1,0,0,0,0,0,1,0,1,0,0,0,1,1,0,0,1,0,0,0
849,high,849,0,1,0,0,0,0,0,1,0,1,0,0,1,0,0,1,0,0,0,1,0
850,high,850,0,1,0,0,0,0,0,1,0,1,0,0,1,0,0,0,1,1,0,0,0
851,high,851,0,1,0,0,0,0,0,1,0,1,0,0,1,0,1,0,0,1,0,0,0
852,high,852,0,1,0,0,0,0,0,1,0,1,0,1,0,0,0,1,0,0,0,1,0
853,high,853,0,1,0,0,0,0,0,1,0,1,0,1,0,0,0,0,1,1,0,0,0
854,high,854,0,1,0,0,0,0,0,1,0,1,0,1,0,0,1,0,0,1,0,0,0
855,high,855,0,1,0,0,0,0,0,1,0,0,1,0,0,1,0,1,0,0,0,1,0
856,high,856,0,1,0,0,0,0,0,1,0,0,1,0,0,1,0,0,1,0,0,1,0
857,high,857,0,1,0,0,0,0,0,1,0,0,1,0,0,1,1,0,0,1,0,0,0
858,high,858,0,1,0,0,0,0,0,1,0,0,1,0,1,0,0,1,0,0,0,1,0
859,high,859,0,1,0,0,0,0,0,1,0,0,1,0,1,0,0,0,1,1,0,0,0
860,high,860,0,1,0,0,0,0,0,1,0,0,1,0,1,0,1,0,0,1,0,0,0
861,high,861,0,1,0,0,0,0,0,1,0,0,1,1,0,0,0,1,0,0,0,1,0
862,high,862,0,1,0,0,0,0,0,1,0,0,1,1,0,0,0,0,1,1,0,0,0
863,high,863,0,1,0,0,0,0,0,1,0,0,1,1,0,0,1,0,0,1,0,0,0
864,med,864,0,0,0,1,1,0,0,0,1,0,0,0,0,1,0,1,0,0,0,1,0
865,med,865,0,0,0,1,1,0,0,0,1,0,0,0,0,1,0,0,1,0,0,1,0
866,med,866,0,0,0,1,1,0,0,0,1,0,0,0,0,1,1,0,0,0,0,1,0
867,med,867,0,0,0,1,1,0,0,0,1,0,0,0,1,0,0,1,0,0,0,1,0
868,med,868,0,0,0,1,1,0,0,0,1,0,0,0,1,0,0,0,1,0,0,1,0
869,med,869,0,0,0,1,1,0,0,0,1,0,0,0,1,0,1,0,0,0,0,1,0
870,med,870,0,0,0,1,1,0,0,0,1,0,0,1,0,0,0,1,0,0,0,1,0
871,med,871,0,0,0,1,1,0,0,0,1,0,0,1,0,0,0,0,1,0,0,1,0
872,med,872,0,0,0,1,1,0,0,0,1,0,0,1,0,0,1,0,0,0,0,1,0
873,med,873,0,0,0,1,1,0,0,0,0,1,0,0,0,1,0,1,0,0,0,1,0
874,med,874,0,0,0,1,1,0,0,0,0,1,0,0,0,1,0,0,1,0,0,1,0
875,med,875,0,0,0,1,1,0,0,0,0,1,0,0,0,1,1,0,0,1,0,0,0
876,med,876,0,0,0,1,1,0,0,0,0,1,0,0,1,0,0,1,0,0,0,1,0
877,med,877,0,0,0,1,1,0,0,0,0,1,0,0,1,0,0,0,1,0,0,1,0
878,med,878,0,0,0,1,1,0,0,0,0,1,0,0,1,0,1,0,0,1,0,0,0
879,med,879,0,0,0,1,1,0,0,0,0,1,0,1,0,0,0,1,0,0,0,1,0
880,med,880,0,0,0,1,1,0,0,0,0,1,0,1,0,0,0,0,1,1,0,0,0
881,med,881,0,0,0,1,1,0,0,0,0,1,0,1,0,0,1,0,0,1,0,0,0
882,med,882,0,0,0,1,1,0,0,0,0,0,1,0,0,1,0,1,0,0,0,1,0
883,med,883,0,0,0,1,1,0,0,0,0,0,1,0,0,1,0,0,1,0,0,1,0
884,med,884,0,0,0,1,1,0,0,0,0,0,1,0,0,1,1,0,0,0,0,1,0
885,med,885,0,0,0,1,1,0,0,0,0,0,1,0,1,0,0,1,0,0,0,1,0
886,med,886,0,0,0,1,1,0,0,0,0,0,1,0,1,0,0,0,1,0,0,1,0
887,med,887,0,0,0,1,1,0,0,0,0,0,1,0,1,0,1,0,0,1,0,0,0
888,med,888,0,0,0,1,1,0,0,0,0,0,1,1,0,0,0,1,0,0,0,1,0
889,med,889,0,0,0,1,1,0,0,0,0,0,1,1,0,0,0,0,1,1,0,0,0
890,med,890,0,0,0,1,1,0,0,0,0,0,1,1,0,0,1,0,0,1,0,0,0
891,med,891,0,0,0,1,0,1,0,0,1,0,0,0,0,1,0,1,0,0,0,1,0
892,med,892,0,0,0,1,0,1,0,0,1,0,0,0,0,1,0,0,1,0,0,1,0
893,med,893,0,0,0,1,0,1,0,0,1,0,0,0,0,1,1,0,0,0,0,1,0
894,med,894,0,0,0,1,0,1,0,0,1,0,0,0,1,0,0,1,0,0,0,1,0
895,med,895,0,0,0,1,0,1,0,0,1,0,0,0,1,0,0,0,1,0,0,1,0
896,med,896,0,0,0,1,0,1,0,0,1,0,0,0,1,0,1,0,0,0,0,1,0
897,med,897,0,0,0,1,0,1,0,0,1,0,0,1,0,0,0,1,0,0,0,1,0
898,med,898,0,0,0,1,0,1,0,0,1,0,0,1,0,0,0,0,1,0,0,1,0
899,med,899,0,0,0,1,0,1,0,0,1,0,0,1,0,0,1,0,0,0,0,1,0
900,med,900,0,0,0,1,0,1,0,0,0,1,0,0,0,1,0,1,0,0,0,1,0
901,med,901,0,0,0,1,0,1,0,0,0,1,0,0,0,1,0,0,1,0,0,1,0
902,med,902,0,0,0,1,0,1,0,0,0,1,0,0,0,1,1,0,0,1,0,0,0
903,med,903,0,0,0,1,0,1,0,0,0,1,0,0,1,0,0,1,0,0,0,1,0
904,med,904,0,0,0,1,0,1,0,0,0,1,0,0,1,0,0,0,1,0,0,1,0
905,med,905,0,0,0,1,0,1,0,0,0,1,0,0,1,0,1,0,0,1,0,0,0
906,med,906,0,0,0,1,0,1,0,0,0,1,0,1,0,0,0,1,0,0,0,1,0
907,med,907,0,0,0,1,0,1,0,0,0,1,0,1,0,0,0,0,1,1,0,0,0
908,med,908,0,0,0,1,0,1,0,0,0,1,0,1,0,0,1,0,0,1,0,0,0
909,med,909,0,0,0,1,0,1,0,0,0,0,1,0,0,1,0,1,0,0,0,1,0
910,med,910,0,0,0,1,0,1,0,0,0,0,1,0,0,1,0,0,1,0,0,1,0
911,med,911,0,0,0,1,0,1,0,0,0,0,1,0,0,1,1,0,0,1,0,0,0
912,med,912,0,0,0,1,0,1,0,0,0,0,1,0,1,0,0,1,0,0,0,1,0
913,med,913,0,0,0,1,0,1,0,0,0,0,1,0,1,0,0,0,1,1,0,0,0
914,med,914,0,0,0,1,0,1,0,0,0,0,1,0,1,0,1,0,0,1,0,0,0
915,med,915,0,0,0,1,0,1,0,0,0,0,1,1,0,0,0,1,0,0,0,1,0
916,med,916,0,0,0,1,0,1,0,0,0,0,1,1,0,0,0,0,1,1,0,0,0
917,med,917,0,0,0,1,0,1,0,0,0,0,1,1,0,0,1,0,0,1,0,0,0
918,med,918,0,0,0,1,0,0,1,0,1,0,0,0,0,1,0,1,0,0,0,1,0
919,med,919,0,0,0,1,0,0,1,0,1,0,0,0,0,1,0,0,1,0,0,1,0
920,med,920,0,0,0,1,0,0,1,0,1,0,0,0,0,1,1,0,0,0,0,1,0
921,med,921,0,0,0,1,0,0,1,0,1,0,0,0,1,0,0,1,0,0,0,1,0
922,med,922,0,0,0,1,0,0,1,0,1,0,0,0,1,0,0,0,1,0,0,1,0
923,med,923,0,0,0,1,0,0,1,0,1,0,0,0,1,0,1,0,0,0,0,1,0
924,med,924,0,0,0,1,0,0,1,0,1,0,0,1,0,0,0,1,0,0,0,1,0
925,med,925,0,0,0,1,0,0,1,0,1,0,0,1,0,0,0,0,1,0,0,1,0
926,med,926,0,0,0,1,0,0,1,0,1,0,0,1,0,0,1,0,0,0,0,1,0
927,med,927,0,0,0,1,0,0,1,0,0,1,0,0,0,1,0,1,0,0,0,1,0
928,med,928,0,0,0,1,0,0,1,0,0,1,0,0,0,1,0,0,1,0,0,1,0
929,med,929,0,0,0,1,0,0,1,0,0,1,0,0,0,1,1,0,0,1,0,0,0
930,med,930,0,0,0,1,0,0,1,0,0,1,0,0,1,0,0,1,0,0,0,1,0
931,med,931,0,0,0,1,0,0,1,0,0,1,0,0,1,0,0,0,1,1,0,0,0
932,med,932,0,0,0,1,0,0,1,0,0,1,0,0,1,0,1,0,0,1,0,0,0
933,med,933,0,0,0,1,0,0,1,0,0,1,0,1,0,0,0,1,0,0,0,1,0
934,med,934,0,0,0,1,0,0,1,0,0,1,0,1,0,0,0,0,1,1,0,0,0
935,med,935,0,0,0,1,0,0,1,0,0,1,0,1,0,0,1,0,0,1,0,0,0
936,med,936,0,0,0,1,0,0,1,0,0,0,1,0,0,1,0,1,0,0,0,1,0
937,med,937,0,0,0,1,0,0,1,0,0,0,1,0,0,1,0,0,1,0,0,1,0
938,med,938,0,0,0,1,0,0,1,0,0,0,1,0,0,1,1,0,0,1,0,0,0
939,med,939,0,0,0,1,0,0,1,0,0,0,1,0,1,0,0,1,0,0,0,1,0
940,med,940,0,0,0,1,0,0,1,0,0,0,1,0,1,0,0,0,1,1,0,0,0
941,med,941,0,0,0,1,0,0,1,0,0,0,1,0,1,0,1,0,0,1,0,0,0
942,med,942,0,0,0,1,0,0,1,0,0,0,1,1,0,0,0,1,0,0,0,1,0
943,med,943,0,0,0,1,0,0,1,0,0,0,1,1,0,0,0,0,1,1,0,0,0
944,med,944,0,0,0,1,0,0,1,0,0,0,1,1,0,0,1,0,0,1,0,0,0
945,med,945,0,0,0,1,0,0,0,1,1,0,0,0,0,1,0,1,0,0,0,1,0
946,med,946,0,0,0,1,0,0,0,1,1,0,0,0,0,1,0,0,1,0,0,1,0
947,med,947,0,0,0,1,0,0,0,1,1,0,0,0,0,1,1,0,0,0,0,1,0
948,med,948,0,0,0,1,0,0,0,1,1,0,0,0,1,0,0,1,0,0,0,1,0
949,med,949,0,0,0,1,0,0,0,1,1,0,0,0,1,0,0,0,1,0,0,1,0
950,med,950,0,0,0,1,0,0,0,1,1,0,0,0,1,0,1,0,0,0,0,1,0
951,med,951,0,0,0,1,0,0,0,1,1,0,0,1,0,0,0,1,0,0,0,1,0
952,med,952,0,0,0,1,0,0,0,1,1,0,0,1,0,0,0,0,1,0,0,1,0
953,med,953,0,0,0,1,0,0,0,1,1,0,0,1,0,0,1,0,0,0,0,1,0
954,med,954,0,0,0,1,0,0,0,1,0,1,0,0,0,1,0,1,0,0,0,1,0
955,med,955,0,0,0,1,0,0,0,1,0,1,0,0,0,1,0,0,1,0,0,1,0
956,med,956,0,0,0,1,0,0,0,1,0,1,0,0,0,1,1,0,0,1,0,0,0
957,med,957,0,0,0,1,0,0,0,1,0,1,0,0,1,0,0,1,0,0,0,1,0
958,med,958,0,0,0,1,0,0,0,1,0,1,0,0,1,0,0,0,1,1,0,0,0
959,med,959,0,0,0,1,0,0,0,1,0,1,0,0,1,0,1,0,0,1,0,0,0
960,med,960,0,0,0,1,0,0,0,1,0,1,0,1,0,0,0,1,0,0,0,1,0
961,med,961,0,0,0,1,0,0,0,1,0,1,0,1,0,0,0,0,1,1,0,0,0
962,med,962,0,0,0,1,0,0,0,1,0,1,0,1,0,0,1,0,0,1,0,0,0
963,med,963,0,0,0,1,0,0,0,1,0,0,1,0,0,1,0,1,0,0,0,1,0
964,med,964,0,0,0,1,0,0,0,1,0,0,1,0,0,1,0,0,1,0,0,1,0
965,med,965,0,0,0,1,0,0,0,1,0,0,1,0,0,1,1,0,0,1,0,0,0
966,med,966,0,0,0,1,0,0,0,1,0,0,1,0,1,0,0,1,0,0,0,1,0
967,med,967,0,0,0,1,0,0,0,1,0,0,1,0,1,0,0,0,1,1,0,0,0
968,med,968,0,0,0,1,0,0,0,1,0,0,1,0,1,0,1,0,0,1,0,0,0
969,med,969,0,0,0,1,0,0,0,1,0,0,1,1,0,0,0,1,0,0,0,1,0
970,med,970,0,0,0,1,0,0,0,1,0,0,1,1,0,0,0,0,1,1,0,0,0
971,med,971,0,0,0,1,0,0,0,1,0,0,1,1,0,0,1,0,0,1,0,0,0
972,med,972,1,0,0,0,1,0,0,0,1,0,0,0,0,1,0,1,0,0,0,1,0
973,med,973,1,0,0,0,1,0,0,0,1,0,0,0,0,1,0,0,1,0,0,1,0
974,med,974,1,0,0,0,1,0,0,0,1,0,0,0,0,1,1,0,0,0,0,1,0
975,med,975,1,0,0,0,1,0,0,0,1,0,0,0,1,0,0,1,0,0,0,1,0
976,med,976,1,0,0,0,1,0,0,0,1,0,0,0,1,0,0,0,1,0,0,1,0
977,med,977,1,0,0,0,1,0,0,0,1,0,0,0,1,0,1,0,0,0,0,1,0
978,med,978,1,0,0,0,1,0,0,0,1,0,0,1,0,0,0,1,0,0,0,1,0
979,med,979,1,0,0,0,1,0,0,0,1,0,0,1,0,0,0,0,1,0,0,1,0
980,med,980,1,0,0,0,1,0,0,0,1,0,0,1,0,0,1,0,0,0,0,1,0
981,med,981,1,0,0,0,1,0,0,0,0,1,0,0,0,1,0,1,0,0,0,1,0
982,med,982,1,0,0,0,1,0,0,0,0,1,0,0,0,1,0,0,1,0,0,1,0
983,med,983,1,0,0,0,1,0,0,0,0,1,0,0,0,1,1,0,0,1,0,0,0
984,med,984,1,0,0,0,1,0,0,0,0,1,0,0,1,0,0,1,0,0,0,1,0
985,med,985,1,0,0,0,1,0,0,0,0,1,0,0,1,0,0,0,1,0,0,1,0
986,med,986,1,0,0,0,1,0,0,0,0,1,0,0,1,0,1,0,0,1,0,0,0
987,med,987,1,0,0,0,1,0,0,0,0,1,0,1,0,0,0,1,0,0,0,1,0
988,med,988,1,0,0,0,1,0,0,0,0,1,0,1,0,0,0,0,1,1,0,0,0
989,med,989,1,0,0,0,1,0,0,0,0,1,0,1,0,0,1,0,0,1,0,0,0
990,med,990,1,0,0,0,1,0,0,0,0,0,1,0,0,1,0,1,0,0,0,1,0
991,med,991,1,0,0,0,1,0,0,0,0,0,1,0,0,1,0,0,1,0,0,1,0
992,med,992,1,0,0,0,1,0,0,0,0,0,1,0,0,1,1,0,0,0,0,1,0
993,med,993,1,0,0,0,1,0,0,0,0,0,1,0,1,0,0,1,0,0,0,1,0
994,med,994,1,0,0,0,1,0,0,0,0,0,1,0,1,0,0,0,1,0,0,1,0
995,med,995,1,0,0,0,1,0,0,0,0,0,1,0,1,0,1,0,0,1,0,0,0
996,med,996,1,0,0,0,1,0,0,0,0,0,1,1,0,0,0,1,0,0,0,1,0
997,med,997,1,0,0,0,1,0,0,0,0,0,1,1,0,0,0,0,1,1,0,0,0
998,med,998,1,0,0,0,1,0,0,0,0,0,1,1,0,0,1,0,0,1,0,0,0
999,med,999,1,0,0,0,0,1,0,0,1,0,0,0,0,1,0,1,0,0,0,1,0
1000,med,1000,1,0,0,0,0,1,0,0,1,0,0,0,0,1,0,0,1,0,0,1,0
1001,med,1001,1,0,0,0,0,1,0,0,1,0,0,0,0,1,1,0,0,0,0,1,0
1002,med,1002,1,0,0,0,0,1,0,0,1,0,0,0,1,0,0,1,0,0,0,1,0
1003,med,1003,1,0,0,0,0,1,0,0,1,0,0,0,1,0,0,0,1,0,0,1,0
1004,med,1004,1,0,0,0,0,1,0,0,1,0,0,0,1,0,1,0,0,0,0,1,0
1005,med,1005,1,0,0,0,0,1,0,0,1,0,0,1,0,0,0,1,0,0,0,1,0
1006,med,1006,1,0,0,0,0,1,0,0,1,0,0,1,0,0,0,0,1,0,0,1,0
1007,med,1007,1,0,0,0,0,1,0,0,1,0,0,1,0,0,1,0,0,0,0,1,0
1008,med,1008,1,0,0,0,0,1,0,0,0,1,0,0,0,1,0,1,0,0,0,1,0
1009,med,1009,1,0,0,0,0,1,0,0,0,1,0,0,0,1,0,0,1,0,0,1,0
1010,med,1010,1,0,0,0,0,1,0,0,0,1,0,0,0,1,1,0,0,1,0,0,0
1011,med,1011,1,0,0,0,0,1,0,0,0,1,0,0,1,0,0,1,0,0,0,1,0
1012,med,1012,1,0,0,0,0,1,0,0,0,1,0,0,1,0,0,0,1,0,0,1,0
1013,med,1013,1,0,0,0,0,1,0,0,0,1,0,0,1,0,1,0,0,1,0,0,0
1014,med,1014,1,0,0,0,0,1,0,0,0,1,0,1,0,0,0,1,0,0,0,1,0
1015,med,1015,1,0,0,0,0,1,0,0,0,1,0,1,0,0,0,0,1,1,0,0,0
1016,med,1016,1,0,0,0,0,1,0,0,0,1,0,1,0,0,1,0,0,1,0,0,0
1017,med,1017,1,0,0,0,0,1,0,0,0,0,1,0,0,1,0,1,0,0,0,1,0
1018,med,1018,1,0,0,0,0,1,0,0,0,0,1,0,0,1,0,0,1,0,0,1,0
1019,med,1019,1,0,0,0,0,1,0,0,0,0,1,0,0,1,1,0,0,1,0,0,0
1020,med,1020,1,0,0,0,0,1,0,0,0,0,1,0,1,0,0,1,0,0,0,1,0
1021,med,1021,1,0,0,0,0,1,0,0,0,0,1,0,1,0,0,0,1,1,0,0,0
1022,med,1022,1,0,0,0,0,1,0,0,0,0,1,0,1,0,1,0,0,1,0,0,0
1023,med,1023,1,0,0,0,0,1,0,0,0,0,1,1,0,0,0,1,0,0,0,1,0
1024,med,1024,1,0,0,0,0,1,0,0,0,0,1,1,0,0,0,0,1,1,0,0,0
1025,med,1025,1,0,0,0,0,1,0,0,0,0,1,1,0,0,1,0,0,1,0,0,0
1026,med,1026,1,0,0,0,0,0,1,0,1,0,0,0,0,1,0,1,0,0,0,1,0
1027,med,1027,1,0,0,0,0,0,1,0,1,0,0,0,0,1,0,0,1,0,0,1,0
1028,med,1028,1,0,0,0,0,0,1,0,1,0,0,0,0,1,1,0,0,0,0,1,0
1029,med,1029,1,0,0,0,0,0,1,0,1,0,0,0,1,0,0,1,0,0,0,1,0
1030,med,1030,1,0,0,0,0,0,1,0,1,0,0,0,1,0,0,0,1,0,0,1,0
1031,med,1031,1,0,0,0,0,0,1,0,1,0,0,0,1,0,1,0,0,0,0,1,0
1032,med,1032,1,0,0,0,0,0,1,0,1,0,0,1,0,0,0,1,0,0,0,1,0
1033,med,1033,1,0,0,0,0,0,1,0,1,0,0,1,0,0,0,0,1,0,0,1,0
1034,med,1034,1,0,0,0,0,0,1,0,1,0,0,1,0,0,1,0,0,0,0,1,0
1035,med,1035,1,0,0,0,0,0,1,0,0,1,0,0,0,1,0,1,0,0,0,1,0
1036,med,1036,1,0,0,0,0,0,1,0,0,1,0,0,0,1,0,0,1,0,0,1,0
1037,med,1037,1,0,0,0,0,0,1,0,0,1,0,0,0,1,1,0,0,1,0,0,0
1038,med,1038,1,0,0,0,0,0,1,0,0,1,0,0,1,0,0,1,0,0,0,1,0
1039,med,1039,1,0,0,0,0,0,1,0,0,1,0,0,1,0,0,0,1,1,0,0,0
1040,med,1040,1,0,0,0,0,0,1,0,0,1,0,0,1,0,1,0,0,1,0,0,0
1041,med,1041,1,0,0,0,0,0,1,0,0,1,0,1,0,0,0,1,0,0,0,1,0
1042,med,1042,1,0,0,0,0,0,1,0,0,1,0,1,0,0,0,0,1,1,0,0,0
1043,med,1043,1,0,0,0,0,0,1,0,0,1,0,1,0,0,1,0,0,1,0,0,0
1044,med,1044,1,0,0,0,0,0,1,0,0,0,1,0,0,1,0,1,0,0,0,1,0
1045,med,1045,1,0,0,0,0,0,1,0,0,0,1,0,0,1,0,0,1,0,0,1,0
1046,med,1046,1,0,0,0,0,0,1,0,0,0,1,0,0,1,1,0,0,1,0,0,0
1047,med,1047,1,0,0,0,0,0,1,0,0,0,1,0,1,0,0,1,0,0,0,1,0
1048,med,1048,1,0,0,0,0,0,1,0,0,0,1,0,1,0,0,0,1,1,0,0,0
1049,med,1049,1,0,0,0,0,0,1,0,0,0,1,0,1,0,1,0,0,1,0,0,0
1050,med,1050,1,0,0,0,0,0,1,0,0,0,1,1,0,0,0,1,0,0,0,1,0
1051,med,1051,1,0,0,0,0,0,1,0,0,0,1,1,0,0,0,0,1,1,0,0,0
1052,med,1052,1,0,0,0,0,0,1,0,0,0,1,1,0,0,1,0,0,1,0,0,0
1053,med,1053,1,0,0,0,0,0,0,1,1,0,0,0,0,1,0,1,0,0,0,1,0
1054,med,1054,1,0,0,0,0,0,0,1,1,0,0,0,0,1,0,0,1,0,0,1,0
1055,med,1055,1,0,0,0,0,0,0,1,1,0,0,0,0,1,1,0,0,0,0,1,0
1056,med,1056,1,0,0,0,0,0,0,1,1,0,0,0,1,0,0,1,0,0,0,1,0
1057,med,1057,1,0,0,0,0,0,0,1,1,0,0,0,1,0,0,0,1,0,0,1,0
1058,med,1058,1,0,0,0,0,0,0,1,1,0,0,0,1,0,1,0,0,0,0,1,0
1059,med,1059,1,0,0,0,0,0,0,1,1,0,0,1,0,0,0,1,0,0,0,1,0
1060,med,1060,1,0,0,0,0,0,0,1,1,0,0,1,0,0,0,0,1,0,0,1,0
1061,med,1061,1,0,0,0,0,0,0,1,1,0,0,1,0,0,1,0,0,0,0,1,0
1062,med,1062,1,0,0,0,0,0,0,1,0,1,0,0,0,1,0,1,0,0,0,1,0
1063,med,1063,1,0,0,0,0,0,0,1,0,1,0,0,0,1,0,0,1,0,0,1,0
1064,med,1064,1,0,0,0,0,0,0,1,0,1,0,0,0,1,1,0,0,1,0,0,0
1065,med,1065,1,0,0,0,0,0,0,1,0,1,0,0,1,0,0,1,0,0,0,1,0
1066,med,1066,1,0,0,0,0,0,0,1,0,1,0,0,1,0,0,0,1,1,0,0,0
1067,med,1067,1,0,0,0,0,0,0,1,0,1,0,0,1,0,1,0,0,1,0,0,0
1068,med,1068,1,0,0,0,0,0,0,1,0,1,0,1,0,0,0,1,0,0,0,1,0
1069,med,1069,1,0,0,0,0,0,0,1,0,1,0,1,0,0,0,0,1,1,0,0,0
1070,med,1070,1,0,0,0,0,0,0,1,0,1,0,1,0,0,1,0,0,1,0,0,0
1071,med,1071,1,0,0,0,0,0,0,1,0,0,1,0,0,1,0,1,0,0,0,1,0
1072,med,1072,1,0,0,0,0,0,0,1,0,0,1,0,0,1,0,0,1,0,0,1,0
1073,med,1073,1,0,0,0,0,0,0,1,0,0,1,0,0,1,1,0,0,1,0,0,0
1074,med,1074,1,0,0,0,0,0,0,1,0,0,1,0,1,0,0,1,0,0,0,1,0
1075,med,1075,1,0,0,0,0,0,0,1,0,0,1,0,1,0,0,0,1,1,0,0,0
1076,med,1076,1,0,0,0,0,0,0,1,0,0,1,0,1,0,1,0,0,1,0,0,0
1077,med,1077,1,0,0,0,0,0,0,1,0,0,1,1,0,0,0,1,0,0,0,1,0
1078,med,1078,1,0,0,0,0,0,0,1,0,0,1,1,0,0,0,0,1,1,0,0,0
1079,med,1079,1,0,0,0,0,0,0,1,0,0,1,1,0,0,1,0,0,1,0,0,0
1080,med,1080,0,0,1,0,1,0,0,0,1,0,0,0,0,1,0,1,0,0,0,1,0
1081,med,1081,0,0,1,0,1,0,0,0,1,0,0,0,0,1,0,0,1,0,0,1,0
1082,med,1082,0,0,1,0,1,0,0,0,1,0,0,0,0,1,1,0,0,0,0,1,0
1083,med,1083,0,0,1,0,1,0,0,0,1,0,0,0,1,0,0,1,0,0,0,1,0
1084,med,1084,0,0,1,0,1,0,0,0,1,0,0,0,1,0,0,0,1,0,0,1,0
1085,med,1085,0,0,1,0,1,0,0,0,1,0,0,0,1,0,1,0,0,0,0,1,0
1086,med,1086,0,0,1,0,1,0,0,0,1,0,0,1,0,0,0,1,0,0,0,1,0
1087,med,1087,0,0,1,0,1,0,0,0,1,0,0,1,0,0,0,0,1,0,0,1,0
1088,med,1088,0,0,1,0,1,0,0,0,1,0,0,1,0,0,1,0,0,0,0,1,0
1089,med,1089,0,0,1,0,1,0,0,0,0,1,0,0,0,1,0,1,0,0,0,1,0
1090,med,1090,0,0,1,0,1,0,0,0,0,1,0,0,0,1,0,0,1,1,0,0,0
1091,med,1091,0,0,1,0,1,0,0,0,0,1,0,0,0,1,1,0,0,1,0,0,0
1092,med,1092,0,0,1,0,1,0,0,0,0,1,0,0,1,0,0,1,0,0,0,1,0
1093,med,1093,0,0,1,0,1,0,0,0,0,1,0,0,1,0,0,0,1,1,0,0,0
1094,med,1094,0,0,1,0,1,0,0,0,0,1,0,0,1,0,1,0,0,1,0,0,0
1095,med,1095,0,0,1,0,1,0,0,0,0,1,0,1,0,0,0,1,0,0,0,1,0
1096,med,1096,0,0,1,0,1,0,0,0,0,1,0,1,0,0,0,0,1,1,0,0,0
1097,med,1097,0,0,1,0,1,0,0,0,0,1,0,1,0,0,1,0,0,0,0,0,1
1098,med,1098,0,0,1,0,1,0,0,0,0,0,1,0,0,1,0,1,0,0,0,1,0
1099,med,1099,0,0,1,0,1,0,0,0,0,0,1,0,0,1,0,0,1,0,0,1,0
1100,med,1100,0,0,1,0,1,0,0,0,0,0,1,0,0,1,1,0,0,0,0,1,0
1101,med,1101,0,0,1,0,1,0,0,0,0,0,1,0,1,0,0,1,0,0,0,1,0
1102,med,1102,0,0,1,0,1,0,0,0,0,0,1,0,1,0,0,0,1,1,0,0,0
1103,med,1103,0,0,1,0,1,0,0,0,0,0,1,0,1,0,1,0,0,1,0,0,0
1104,med,1104,0,0,1,0,1,0,0,0,0,0,1,1,0,0,0,1,0,0,0,1,0
1105,med,1105,0,0,1,0,1,0,0,0,0,0,1,1,0,0,0,0,1,1,0,0,0
1106,med,1106,0,0,1,0,1,0,0,0,0,0,1,1,0,0,1,0,0,0,0,0,1
1107,med,1107,0,0,1,0,0,1,0,0,1,0,0,0,0,1,0,1,0,0,0,1,0
1108,med,1108,0,0,1,0,0,1,0,0,1,0,0,0,0,1,0,0,1,0,0,1,0
1109,med,1109,0,0,1,0,0,1,0,0,1,0,0,0,0,1,1,0,0,0,0,1,0
1110,med,1110,0,0,1,0,0,1,0,0,1,0,0,0,1,0,0,1,0,0,0,1,0
1111,med,1111,0,0,1,0,0,1,0,0,1,0,0,0,1,0,0,0,1,0,0,1,0
1112,med,1112,0,0,1,0,0,1,0,0,1,0,0,0,1,0,1,0,0,0,0,1,0
1113,med,1113,0,0,1,0,0,1,0,0,1,0,0,1,0,0,0,1,0,0,0,1,0
1114,med,1114,0,0,1,0,0,1,0,0,1,0,0,1,0,0,0,0,1,0,0,1,0
1115,med,1115,0,0,1,0,0,1,0,0,1,0,0,1,0,0,1,0,0,0,0,1,0
1116,med,1116,0,0,1,0,0,1,0,0,0,1,0,0,0,1,0,1,0,0,0,1,0
1117,med,1117,0,0,1,0,0,1,0,0,0,1,0,0,0,1,0,0,1,1,0,0,0
1118,med,1118,0,0,1,0,0,1,0,0,0,1,0,0,0,1,1,0,0,1,0,0,0
1119,med,1119,0,0,1,0,0,1,0,0,0,1,0,0,1,0,0,1,0,0,0,1,0
1120,med,1120,0,0,1,0,0,1,0,0,0,1,0,0,1,0,0,0,1,1,0,0,0
1121,med,1121,0,0,1,0,0,1,0,0,0,1,0,0,1,0,1,0,0,1,0,0,0
1122,med,1122,0,0,1,0,0,1,0,0,0,1,0,1,0,0,0,1,0,0,0,1,0
1123,med,1123,0,0,1,0,0,1,0,0,0,1,0,1,0,0,0,0,1,1,0,0,0
1124,med,1124,0,0,1,0,0,1,0,0,0,1,0,1,0,0,1,0,0,0,0,0,1
1125,med,1125,0,0,1,0,0,1,0,0,0,0,1,0,0,1,0,1,0,0,0,1,0
1126,med,1126,0,0,1,0,0,1,0,0,0,0,1,0,0,1,0,0,1,1,0,0,0
1127,med,1127,0,0,1,0,0,1,0,0,0,0,1,0,0,1,1,0,0,1,0,0,0
1128,med,1128,0,0,1,0,0,1,0,0,0,0,1,0,1,0,0,1,0,0,0,1,0
1129,med,1129,0,0,1,0,0,1,0,0,0,0,1,0,1,0,0,0,1,1,0,0,0
1130,med,1130,0,0,1,0,0,1,0,0,0,0,1,0,1,0,1,0,0,0,0,0,1
1131,med,1131,0,0,1,0,0,1,0,0,0,0,1,1,0,0,0,1,0,0,0,1,0
1132,med,1132,0,0,1,0,0,1,0,0,0,0,1,1,0,0,0,0,1,1,0,0,0
1133,med,1133,0,0,1,0,0,1,0,0,0,0,1,1,0,0,1,0,0,0,0,0,1
1134,med,1134,0,0,1,0,0,0,1,0,1,0,0,0,0,1,0,1,0,0,0,1,0
1135,med,1135,0,0,1,0,0,0,1,0,1,0,0,0,0,1,0,0,1,0,0,1,0
1136,med,1136,0,0,1,0,0,0,1,0,1,0,0,0,0,1,1,0,0,0,0,1,0
1137,med,1137,0,0,1,0,0,0,1,0,1,0,0,0,1,0,0,1,0,0,0,1,0
1138,med,1138,0,0,1,0,0,0,1,0,1,0,0,0,1,0,0,0,1,0,0,1,0
1139,med,1139,0,0,1,0,0,0,1,0,1,0,0,0,1,0,1,0,0,0,0,1,0
1140,med,1140,0,0,1,0,0,0,1,0,1,0,0,1,0,0,0,1,0,0,0,1,0
1141,med,1141,0,0,1,0,0,0,1,0,1,0,0,1,0,0,0,0,1,0,0,1,0
1142,med,1142,0,0,1,0,0,0,1,0,1,0,0,1,0,0,1,0,0,0,0,1,0
1143,med,1143,0,0,1,0,0,0,1,0,0,1,0,0,0,1,0,1,0,0,0,1,0
1144,med,1144,0,0,1,0,0,0,1,0,0,1,0,0,0,1,0,0,1,1,0,0,0
1145,med,1145,0,0,1,0,0,0,1,0,0,1,0,0,0,1,1,0,0,1,0,0,0
1146,med,1146,0,0,1,0,0,0,1,0,0,1,0,0,1,0,0,1,0,0,0,1,0
1147,med,1147,0,0,1,0,0,0,1,0,0,1,0,0,1,0,0,0,1,1,0,0,0
1148,med,1148,0,0,1,0,0,0,1,0,0,1,0,0,1,0,1,0,0,0,0,0,1
1149,med,1149,0,0,1,0,0,0,1,0,0,1,0,1,0,0,0,1,0,0,0,1,0
1150,med,1150,0,0,1,0,0,0,1,0,0,1,0,1,0,0,0,0,1,1,0,0,0
1151,med,1151,0,0,1,0,0,0,1,0,0,1,0,1,0,0,1,0,0,0,0,0,1
1152,med,1152,0,0,1,0,0,0,1,0,0,0,1,0,0,1,0,1,0,0,0,1,0
1153,med,1153,0,0,1,0,0,0,1,0,0,0,1,0,0,1,0,0,1,1,0,0,0
1154,med,1154,0,0,1,0,0,0,1,0,0,0,1,0,0,1,1,0,0,1,0,0,0
1155,med,1155,0,0,1,0,0,0,1,0,0,0,1,0,1,0,0,1,0,0,0,1,0
1156,med,1156,0,0,1,0,0,0,1,0,0,0,1,0,1,0,0,0,1,1,0,0,0
1157,med,1157,0,0,1,0,0,0,1,0,0,0,1,0,1,0,1,0,0,0,0,0,1
1158,med,1158,0,0,1,0,0,0,1,0,0,0,1,1,0,0,0,1,0,0,0,1,0
1159,med,1159,0,0,1,0,0,0,1,0,0,0,1,1,0,0,0,0,1,1,0,0,0
1160,med,1160,0,0,1,0,0,0,1,0,0,0,1,1,0,0,1,0,0,0,0,0,1
1161,med,1161,0,0,1,0,0,0,0,1,1,0,0,0,0,1,0,1,0,0,0,1,0
1162,med,1162,0,0,1,0,0,0,0,1,1,0,0,0,0,1,0,0,1,0,0,1,0
1163,med,1163,0,0,1,0,0,0,0,1,1,0,0,0,0,1,1,0,0,0,0,1,0
1164,med,1164,0,0,1,0,0,0,0,1,1,0,0,0,1,0,0,1,0,0,0,1,0
1165,med,1165,0,0,1,0,0,0,0,1,1,0,0,0,1,0,0,0,1,0,0,1,0
1166,med,1166,0,0,1,0,0,0,0,1,1,0,0,0,1,0,1,0,0,0,0,1,0
1167,med,1167,0,0,1,0,0,0,0,1,1,0,0,1,0,0,0,1,0,0,0,1,0
1168,med,1168,0,0,1,0,0,0,0,1,1,0,0,1,0,0,0,0,1,0,0,1,0
1169,med,1169,0,0,1,0,0,0,0,1,1,0,0,1,0,0,1,0,0,0,0,1,0
1170,med,1170,0,0,1,0,0,0,0,1,0,1,0,0,0,1,0,1,0,0,0,1,0
1171,med,1171,0,0,1,0,0,0,0,1,0,1,0,0,0,1,0,0,1,1,0,0,0
1172,med,1172,0,0,1,0,0,0,0,1,0,1,0,0,0,1,1,0,0,1,0,0,0
1173,med,1173,0,0,1,0,0,0,0,1,0,1,0,0,1,0,0,1,0,0,0,1,0
1174,med,1174,0,0,1,0,0,0,0,1,0,1,0,0,1,0,0,0,1,1,0,0,0
1175,med,1175,0,0,1,0,0,0,0,1,0,1,0,0,1,0,1,0,0,0,0,0,1
1176,med,1176,0,0,1,0,0,0,0,1,0,1,0,1,0,0,0,1,0,0,0,1,0
1177,med,1177,0,0,1,0,0,0,0,1,0,1,0,1,0,0,0,0,1,1,0,0,0
1178,med,1178,0,0,1,0,0,0,0,1,0,1,0,1,0,0,1,0,0,0,0,0,1
1179,med,1179,0,0,1,0,0,0,0,1,0,0,1,0,0,1,0,1,0,0,0,1,0
1180,med,1180,0,0,1,0,0,0,0,1,0,0,1,0,0,1,0,0,1,1,0,0,0
1181,med,1181,0,0,1,0,0,0,0,1,0,0,1,0,0,1,1,0,0,1,0,0,0
1182,med,1182,0,0,1,0,0,0,0,1,0,0,1,0,1,0,0,1,0,0,0,1,0
1183,med,1183,0,0,1,0,0,0,0,1,0,0,1,0,1,0,0,0,1,1,0,0,0
1184,med,1184,0,0,1,0,0,0,0,1,0,0,1,0,1,0,1,0,0,0,0,0,1
1185,med,1185,0,0,1,0,0,0,0,1,0,0,1,1,0,0,0,1,0,0,0,1,0
1186,med,1186,0,0,1,0,0,0,0,1,0,0,1,1,0,0,0,0,1,1,0,0,0
1187,med,1187,0,0,1,0,0,0,0,1,0,0,1,1,0,0,1,0,0,0,0,0,1
1188,med,1188,0,1,0,0,1,0,0,0,1,0,0,0,0,1,0,1,0,0,0,1,0
1189,med,1189,0,1,0,0,1,0,0,0,1,0,0,0,0,1,0,0,1,0,0,1,0
1190,med,1190,0,1,0,0,1,0,0,0,1,0,0,0,0,1,1,0,0,0,0,1,0
1191,med,1191,0,1,0,0,1,0,0,0,1,0,0,0,1,0,0,1,0,0,0,1,0
1192,med,1192,0,1,0,0,1,0,0,0,1,0,0,0,1,0,0,0,1,0,0,1,0
1193,med,1193,0,1,0,0,1,0,0,0,1,0,0,0,1,0,1,0,0,0,0,1,0
1194,med,1194,0,1,0,0,1,0,0,0,1,0,0,1,0,0,0,1,0,0,0,1,0
1195,med,1195,0,1,0,0,1,0,0,0,1,0,0,1,0,0,0,0,1,0,0,1,0
1196,med,1196,0,1,0,0,1,0,0,0,1,0,0,1,0,0,1,0,0,0,0,1,0
1197,med,1197,0,1,0,0,1,0,0,0,0,1,0,0,0,1,0,1,0,0,0,1,0
1198,med,1198,0,1,0,0,1,0,0,0,0,1,0,0,0,1,0,0,1,1,0,0,0
1199,med,1199,0,1,0,0,1,0,0,0,0,1,0,0,0,1,1,0,0,0,1,0,0
1200,med,1200,0,1,0,0,1,0,0,0,0,1,0,0,1,0,0,1,0,0,0,1,0
1201,med,1201,0,1,0,0,1,0,0,0,0,1,0,0,1,0,0,0,1,1,0,0,0
1202,med,1202,0,1,0,0,1,0,0,0,0,1,0,0,1,0,1,0,0,0,1,0,0
1203,med,1203,0,1,0,0,1,0,0,0,0,1,0,1,0,0,0,1,0,0,0,1,0
1204,med,1204,0,1,0,0,1,0,0,0,0,1,0,1,0,0,0,0,1,0,1,0,0
1205,med,1205,0,1,0,0,1,0,0,0,0,1,0,1,0,0,1,0,0,0,0,0,1
1206,med,1206,0,1,0,0,1,0,0,0,0,0,1,0,0,1,0,1,0,0,0,1,0
1207,med,1207,0,1,0,0,1,0,0,0,0,0,1,0,0,1,0,0,1,0,0,1,0
1208,med,1208,0,1,0,0,1,0,0,0,0,0,1,0,0,1,1,0,0,0,0,1,0
1209,med,1209,0,1,0,0,1,0,0,0,0,0,1,0,1,0,0,1,0,0,0,1,0
1210,med,1210,0,1,0,0,1,0,0,0,0,0,1,0,1,0,0,0,1,1,0,0,0
1211,med,1211,0,1,0,0,1,0,0,0,0,0,1,0,1,0,1,0,0,0,1,0,0
1212,med,1212,0,1,0,0,1,0,0,0,0,0,1,1,0,0,0,1,0,0,0,1,0
1213,med,1213,0,1,0,0,1,0,0,0,0,0,1,1,0,0,0,0,1,0,1,0,0
1214,med,1214,0,1,0,0,1,0,0,0,0,0,1,1,0,0,1,0,0,0,0,0,1
1215,med,1215,0,1,0,0,0,1,0,0,1,0,0,0,0,1,0,1,0,0,0,1,0
1216,med,1216,0,1,0,0,0,1,0,0,1,0,0,0,0,1,0,0,1,0,0,1,0
1217,med,1217,0,1,0,0,0,1,0,0,1,0,0,0,0,1,1,0,0,0,0,1,0
1218,med,1218,0,1,0,0,0,1,0,0,1,0,0,0,1,0,0,1,0,0,0,1,0
1219,med,1219,0,1,0,0,0,1,0,0,1,0,0,0,1,0,0,0,1,0,0,1,0
1220,med,1220,0,1,0,0,0,1,0,0,1,0,0,0,1,0,1,0,0,0,0,1,0
1221,med,1221,0,1,0,0,0,1,0,0,1,0,0,1,0,0,0,1,0,0,0,1,0
1222,med,1222,0,1,0,0,0,1,0,0,1,0,0,1,0,0,0,0,1,0,0,1,0
1223,med,1223,0,1,0,0,0,1,0,0,1,0,0,1,0,0,1,0,0,0,0,1,0
1224,med,1224,0,1,0,0,0,1,0,0,0,1,0,0,0,1,0,1,0,0,0,1,0
1225,med,1225,0,1,0,0,0,1,0,0,0,1,0,0,0,1,0,0,1,1,0,0,0
1226,med,1226,0,1,0,0,0,1,0,0,0,1,0,0,0,1,1,0,0,0,1,0,0
1227,med,1227,0,1,0,0,0,1,0,0,0,1,0,0,1,0,0,1,0,0,0,1,0
1228,med,1228,0,1,0,0,0,1,0,0,0,1,0,0,1,0,0,0,1,1,0,0,0
1229,med,1229,0,1,0,0,0,1,0,0,0,1,0,0,1,0,1,0,0,0,1,0,0
1230,med,1230,0,1,0,0,0,1,0,0,0,1,0,1,0,0,0,1,0,0,0,1,0
1231,med,1231,0,1,0,0,0,1,0,0,0,1,0,1,0,0,0,0,1,0,1,0,0
1232,med,1232,0,1,0,0,0,1,0,0,0,1,0,1,0,0,1,0,0,0,0,0,1
1233,med,1233,0,1,0,0,0,1,0,0,0,0,1,0,0,1,0,1,0,0,0,1,0
1234,med,1234,0,1,0,0,0,1,0,0,0,0,1,0,0,1,0,0,1,1,0,0,0
1235,med,1235,0,1,0,0,0,1,0,0,0,0,1,0,0,1,1,0,0,0,1,0,0
1236,med,1236,0,1,0,0,0,1,0,0,0,0,1,0,1,0,0,1,0,0,0,1,0
1237,med,1237,0,1,0,0,0,1,0,0,0,0,1,0,1,0,0,0,1,0,1,0,0
1238,med,1238,0,1,0,0,0,1,0,0,0,0,1,0,1,0,1,0,0,0,0,0,1
1239,med,1239,0,1,0,0,0,1,0,0,0,0,1,1,0,0,0,1,0,0,0,1,0
1240,med,1240,0,1,0,0,0,1,0,0,0,0,1,1,0,0,0,0,1,0,1,0,0
1241,med,1241,0,1,0,0,0,1,0,0,0,0,1,1,0,0,1,0,0,0,0,0,1
1242,med,1242,0,1,0,0,0,0,1,0,1,0,0,0,0,1,0,1,0,0,0,1,0
1243,med,1243,0,1,0,0,0,0,1,0,1,0,0,0,0,1,0,0,1,0,0,1,0
1244,med,1244,0,1,0,0,0,0,1,0,1,0,0,0,0,1,1,0,0,0,0,1,0
1245,med,1245,0,1,0,0,0,0,1,0,1,0,0,0,1,0,0,1,0,0,0,1,0
1246,med,1246,0,1,0,0,0,0,1,0,1,0,0,0,1,0,0,0,1,0,0,1,0
1247,med,1247,0,1,0,0,0,0,1,0,1,0,0,0,1,0,1,0,0,0,0,1,0
1248,med,1248,0,1,0,0,0,0,1,0,1,0,0,1,0,0,0,1,0,0,0,1,0
1249,med,1249,0,1,0,0,0,0,1,0,1,0,0,1,0,0,0,0,1,0,0,1,0
1250,med,1250,0,1,0,0,0,0,1,0,1,0,0,1,0,0,1,0,0,0,0,1,0
1251,med,1251,0,1,0,0,0,0,1,0,0,1,0,0,0,1,0,1,0,0,0,1,0
1252,med,1252,0,1,0,0,0,0,1,0,0,1,0,0,0,1,0,0,1,1,0,0,0
1253,med,1253,0,1,0,0,0,0,1,0,0,1,0,0,0,1,1,0,0,0,1,0,0
1254,med,1254,0,1,0,0,0,0,1,0,0,1,0,0,1,0,0,1,0,0,0,1,0
1255,med,1255,0,1,0,0,0,0,1,0,0,1,0,0,1,0,0,0,1,0,1,0,0
1256,med,1256,0,1,0,0,0,0,1,0,0,1,0,0,1,0,1,0,0,0,0,0,1
1257,med,1257,0,1,0,0,0,0,1,0,0,1,0,1,0,0,0,1,0,0,0,1,0
1258,med,1258,0,1,0,0,0,0,1,0,0,1,0,1,0,0,0,0,1,0,1,0,0
1259,med,1259,0,1,0,0,0,0,1,0,0,1,0,1,0,0,1,0,0,0,0,0,1
1260,med,1260,0,1,0,0,0,0,1,0,0,0,1,0,0,1,0,1,0,0,0,1,0
1261,med,1261,0,1,0,0,0,0,1,0,0,0,1,0,0,1,0,0,1,1,0,0,0
1262,med,1262,0,1,0,0,0,0,1,0,0,0,1,0,0,1,1,0,0,0,1,0,0
1263,med,1263,0,1,0,0,0,0,1,0,0,0,1,0,1,0,0,1,0,0,0,1,0
1264,med,1264,0,1,0,0,0,0,1,0,0,0,1,0,1,0,0,0,1,0,1,0,0
1265,med,1265,0,1,0,0,0,0,1,0,0,0,1,0,1,0,1,0,0,0,0,0,1
1266,med,1266,0,1,0,0,0,0,1,0,0,0,1,1,0,0,0,1,0,0,0,1,0
1267,med,1267,0,1,0,0,0,0,1,0,0,0,1,1,0,0,0,0,1,0,1,0,0
1268,med,1268,0,1,0,0,0,0,1,0,0,0,1,1,0,0,1,0,0,0,0,0,1
1269,med,1269,0,1,0,0,0,0,0,1,1,0,0,0,0,1,0,1,0,0,0,1,0
1270,med,1270,0,1,0,0,0,0,0,1,1,0,0,0,0,1,0,0,1,0,0,1,0
1271,med,1271,0,1,0,0,0,0,0,1,1,0,0,0,0,1,1,0,0,0,0,1,0
1272,med,1272,0,1,0,0,0,0,0,1,1,0,0,0,1,0,0,1,0,0,0,1,0
1273,med,1273,0,1,0,0,0,0,0,1,1,0,0,0,1,0,0,0,1,0,0,1,0
1274,med,1274,0,1,0,0,0,0,0,1,1,0,0,0,1,0,1,0,0,0,0,1,0
1275,med,1275,0,1,0,0,0,0,0,1,1,0,0,1,0,0,0,1,0,0,0,1,0
1276,med,1276,0,1,0,0,0,0,0,1,1,0,0,1,0,0,0,0,1,0,0,1,0
1277,med,1277,0,1,0,0,0,0,0,1,1,0,0,1,0,0,1,0,0,0,0,1,0
1278,med,1278,0,1,0,0,0,0,0,1,0,1,0,0,0,1,0,1,0,0,0,1,0
1279,med,1279,0,1,0,0,0,0,0,1,0,1,0,0,0,1,0,0,1,1,0,0,0
1280,med,1280,0,1,0,0,0,0,0,1,0,1,0,0,0,1,1,0,0,0,1,0,0
1281,med,1281,0,1,0,0,0,0,0,1,0,1,0,0,1,0,0,1,0,0,0,1,0
1282,med,1282,0,1,0,0,0,0,0,1,0,1,0,0,1,0,0,0,1,0,1,0,0
1283,med,1283,0,1,0,0,0,0,0,1,0,1,0,0,1,0,1,0,0,0,0,0,1
1284,med,1284,0,1,0,0,0,0,0,1,0,1,0,1,0,0,0,1,0,0,0,1,0
1285,med,1285,0,1,0,0,0,0,0,1,0,1,0,1,0,0,0,0,1,0,1,0,0
1286,med,1286,0,1,0,0,0,0,0,1,0,1,0,1,0,0,1,0,0,0,0,0,1
1287,med,1287,0,1,0,0,0,0,0,1,0,0,1,0,0,1,0,1,0,0,0,1,0
1288,med,1288,0,1,0,0,0,0,0,1,0,0,1,0,0,1,0,0,1,1,0,0,0
1289,med,1289,0,1,0,0,0,0,0,1,0,0,1,0,0,1,1,0,0,0,1,0,0
1290,med,1290,0,1,0,0,0,0,0,1,0,0,1,0,1,0,0,1,0,0,0,1,0
1291,med,1291,0,1,0,0,0,0,0,1,0,0,1,0,1,0,0,0,1,0,1,0,0
1292,med,1292,0,1,0,0,0,0,0,1,0,0,1,0,1,0,1,0,0,0,0,0,1
1293,med,1293,0,1,0,0,0,0,0,1,0,0,1,1,0,0,0,1,0,0,0,1,0
1294,med,1294,0,1,0,0,0,0,0,1,0,0,1,1,0,0,0,0,1,0,1,0,0
1295,med,1295,0,1,0,0,0,0,0,1,0,0,1,1,0,0,1,0,0,0,0,0,1
1296,low,1296,0,0,0,1,1,0,0,0,1,0,0,0,0,1,0,1,0,0,0,1,0
1297,low,1297,0,0,0,1,1,0,0,0,1,0,0,0,0,1,0,0,1,0,0,1,0
1298,low,1298,0,0,0,1,1,0,0,0,1,0,0,0,0,1,1,0,0,0,0,1,0
1299,low,1299,0,0,0,1,1,0,0,0,1,0,0,0,1,0,0,1,0,0,0,1,0
1300,low,1300,0,0,0,1,1,0,0,0,1,0,0,0,1,0,0,0,1,0,0,1,0
1301,low,1301,0,0,0,1,1,0,0,0,1,0,0,0,1,0,1,0,0,0,0,1,0
1302,low,1302,0,0,0,1,1,0,0,0,1,0,0,1,0,0,0,1,0,0,0,1,0
1303,low,1303,0,0,0,1,1,0,0,0,1,0,0,1,0,0,0,0,1,0,0,1,0
1304,low,1304,0,0,0,1,1,0,0,0,1,0,0,1,0,0,1,0,0,0,0,1,0
1305,low,1305,0,0,0,1,1,0,0,0,0,1,0,0,0,1,0,1,0,0,0,1,0
1306,low,1306,0,0,0,1,1,0,0,0,0,1,0,0,0,1,0,0,1,0,0,1,0
1307,low,1307,0,0,0,1,1,0,0,0,0,1,0,0,0,1,1,0,0,1,0,0,0
1308,low,1308,0,0,0,1,1,0,0,0,0,1,0,0,1,0,0,1,0,0,0,1,0
1309,low,1309,0,0,0,1,1,0,0,0,0,1,0,0,1,0,0,0,1,0,0,1,0
1310,low,1310,0,0,0,1,1,0,0,0,0,1,0,0,1,0,1,0,0,1,0,0,0
1311,low,1311,0,0,0,1,1,0,0,0,0,1,0,1,0,0,0,1,0,0,0,1,0
1312,low,1312,0,0,0,1,1,0,0,0,0,1,0,1,0,0,0,0,1,1,0,0,0
1313,low,1313,0,0,0,1,1,0,0,0,0,1,0,1,0,0,1,0,0,1,0,0,0
1314,low,1314,0,0,0,1,1,0,0,0,0,0,1,0,0,1,0,1,0,0,0,1,0
1315,low,1315,0,0,0,1,1,0,0,0,0,0,1,0,0,1,0,0,1,0,0,1,0
1316,low,1316,0,0,0,1,1,0,0,0,0,0,1,0,0,1,1,0,0,0,0,1,0
1317,low,1317,0,0,0,1,1,0,0,0,0,0,1,0,1,0,0,1,0,0,0,1,0
1318,low,1318,0,0,0,1,1,0,0,0,0,0,1,0,1,0,0,0,1,0,0,1,0
1319,low,1319,0,0,0,1,1,0,0,0,0,0,1,0,1,0,1,0,0,1,0,0,0
1320,low,1320,0,0,0,1,1,0,0,0,0,0,1,1,0,0,0,1,0,0,0,1,0
1321,low,1321,0,0,0,1,1,0,0,0,0,0,1,1,0,0,0,0,1,1,0,0,0
1322,low,1322,0,0,0,1,1,0,0,0,0,0,1,1,0,0,1,0,0,1,0,0,0
1323,low,1323,0,0,0,1,0,1,0,0,1,0,0,0,0,1,0,1,0,0,0,1,0
1324,low,1324,0,0,0,1,0,1,0,0,1,0,0,0,0,1,0,0,1,0,0,1,0
1325,low,1325,0,0,0,1,0,1,0,0,1,0,0,0,0,1,1,0,0,0,0,1,0
1326,low,1326,0,0,0,1,0,1,0,0,1,0,0,0,1,0,0,1,0,0,0,1,0
1327,low,1327,0,0,0,1,0,1,0,0,1,0,0,0,1,0,0,0,1,0,0,1,0
1328,low,1328,0,0,0,1,0,1,0,0,1,0,0,0,1,0,1,0,0,0,0,1,0
1329,low,1329,0,0,0,1,0,1,0,0,1,0,0,1,0,0,0,1,0,0,0,1,0
1330,low,1330,0,0,0,1,0,1,0,0,1,0,0,1,0,0,0,0,1,0,0,1,0
1331,low,1331,0,0,0,1,0,1,0,0,1,0,0,1,0,0,1,0,0,0,0,1,0
1332,low,1332,0,0,0,1,0,1,0,0,0,1,0,0,0,1,0,1,0,0,0,1,0
1333,low,1333,0,0,0,1,0,1,0,0,0,1,0,0,0,1,0,0,1,0,0,1,0
1334,low,1334,0,0,0,1,0,1,0,0,0,1,0,0,0,1,1,0,0,1,0,0,0
1335,low,1335,0,0,0,1,0,1,0,0,0,1,0,0,1,0,0,1,0,0,0,1,0
1336,low,1336,0,0,0,1,0,1,0,0,0,1,0,0,1,0,0,0,1,0,0,1,0
1337,low,1337,0,0,0,1,0,1,0,0,0,1,0,0,1,0,1,0,0,1,0,0,0
1338,low,1338,0,0,0,1,0,1,0,0,0,1,0,1,0,0,0,1,0,0,0,1,0
1339,low,1339,0,0,0,1,0,1,0,0,0,1,0,1,0,0,0,0,1,1,0,0,0
1340,low,1340,0,0,0,1,0,1,0,0,0,1,0,1,0,0,1,0,0,1,0,0,0
1341,low,1341,0,0,0,1,0,1,0,0,0,0,1,0,0,1,0,1,0,0,0,1,0
1342,low,1342,0,0,0,1,0,1,0,0,0,0,1,0,0,1,0,0,1,0,0,1,0
1343,low,1343,0,0,0,1,0,1,0,0,0,0,1,0,0,1,1,0,0,1,0,0,0
1344,low,1344,0,0,0,1,0,1,0,0,0,0,1,0,1,0,0,1,0,0,0,1,0
1345,low,1345,0,0,0,1,0,1,0,0,0,0,1,0,1,0,0,0,1,1,0,0,0
1346,low,1346,0,0,0,1,0,1,0,0,0,0,1,0,1,0,1,0,0,1,0,0,0
1347,low,1347,0,0,0,1,0,1,0,0,0,0,1,1,0,0,0,1,0,0,0,1,0
1348,low,1348,0,0,0,1,0,1,0,0,0,0,1,1,0,0,0,0,1,1,0,0,0
1349,low,1349,0,0,0,1,0,1,0,0,0,0,1,1,0,0,1,0,0,1,0,0,0
1350,low,1350,0,0,0,1,0,0,1,0,1,0,0,0,0,1,0,1,0,0,0,1,0
1351,low,1351,0,0,0,1,0,0,1,0,1,0,0,0,0,1,0,0,1,0,0,1,0
1352,low,1352,0,0,0,1,0,0,1,0,1,0,0,0,0,1,1,0,0,0,0,1,0
1353,low,1353,0,0,0,1,0,0,1,0,1,0,0,0,1,0,0,1,0,0,0,1,0
1354,low,1354,0,0,0,1,0,0,1,0,1,0,0,0,1,0,0,0,1,0,0,1,0
1355,low,1355,0,0,0,1,0,0,1,0,1,0,0,0,1,0,1,0,0,0,0,1,0
1356,low,1356,0,0,0,1,0,0,1,0,1,0,0,1,0,0,0,1,0,0,0,1,0
1357,low,1357,0,0,0,1,0,0,1,0,1,0,0,1,0,0,0,0,1,0,0,1,0
1358,low,1358,0,0,0,1,0,0,1,0,1,0,0,1,0,0,1,0,0,0,0,1,0
1359,low,1359,0,0,0,1,0,0,1,0,0,1,0,0,0,1,0,1,0,0,0,1,0
1360,low,1360,0,0,0,1,0,0,1,0,0,1,0,0,0,1,0,0,1,0,0,1,0
1361,low,1361,0,0,0,1,0,0,1,0,0,1,0,0,0,1,1,0,0,1,0,0,0
1362,low,1362,0,0,0,1,0,0,1,0,0,1,0,0,1,0,0,1,0,0,0,1,0
1363,low,1363,0,0,0,1,0,0,1,0,0,1,0,0,1,0,0,0,1,1,0,0,0
1364,low,1364,0,0,0,1,0,0,1,0,0,1,0,0,1,0,1,0,0,1,0,0,0
1365,low,1365,0,0,0,1,0,0,1,0,0,1,0,1,0,0,0,1,0,0,0,1,0
1366,low,1366,0,0,0,1,0,0,1,0,0,1,0,1,0,0,0,0,1,1,0,0,0
1367,low,1367,0,0,0,1,0,0,1,0,0,1,0,1,0,0,1,0,0,1,0,0,0
1368,low,1368,0,0,0,1,0,0,1,0,0,0,1,0,0,1,0,1,0,0,0,1,0
1369,low,1369,0,0,0,1,0,0,1,0,0,0,1,0,0,1,0,0,1,0,0,1,0
1370,low,1370,0,0,0,1,0,0,1,0,0,0,1,0,0,1,1,0,0,1,0,0,0
1371,low,1371,0,0,0,1,0,0,1,0,0,0,1,0,1,0,0,1,0,0,0,1,0
1372,low,1372,0,0,0,1,0,0,1,0,0,0,1,0,1,0,0,0,1,1,0,0,0
1373,low,1373,0,0,0,1,0,0,1,0,0,0,1,0,1,0,1,0,0,1,0,0,0
1374,low,1374,0,0,0,1,0,0,1,0,0,0,1,1,0,0,0,1,0,0,0,1,0
1375,low,1375,0,0,0,1,0,0,1,0,0,0,1,1,0,0,0,0,1,1,0,0,0
1376,low,1376,0,0,0,1,0,0,1,0,0,0,1,1,0,0,1,0,0,1,0,0,0
1377,low,1377,0,0,0,1,0,0,0,1,1,0,0,0,0,1,0,1,0,0,0,1,0
1378,low,1378,0,0,0,1,0,0,0,1,1,0,0,0,0,1,0,0,1,0,0,1,0
1379,low,1379,0,0,0,1,0,0,0,1,1,0,0,0,0,1,1,0,0,0,0,1,0
1380,low,1380,0,0,0,1,0,0,0,1,1,0,0,0,1,0,0,1,0,0,0,1,0
1381,low,1381,0,0,0,1,0,0,0,1,1,0,0,0,1,0,0,0,1,0,0,1,0
1382,low,1382,0,0,0,1,0,0,0,1,1,0,0,0,1,0,1,0,0,0,0,1,0
1383,low,1383,0,0,0,1,0,0,0,1,1,0,0,1,0,0,0,1,0,0,0,1,0
1384,low,1384,0,0,0,1,0,0,0,1,1,0,0,1,0,0,0,0,1,0,0,1,0
1385,low,1385,0,0,0,1,0,0,0,1,1,0,0,1,0,0,1,0,0,0,0,1,0
1386,low,1386,0,0,0,1,0,0,0,1,0,1,0,0,0,1,0,1,0,0,0,1,0
1387,low,1387,0,0,0,1,0,0,0,1,0,1,0,0,0,1,0,0,1,0,0,1,0
1388,low,1388,0,0,0,1,0,0,0,1,0,1,0,0,0,1,1,0,0,1,0,0,0
1389,low,1389,0,0,0,1,0,0,0,1,0,1,0,0,1,0,0,1,0,0,0,1,0
1390,low,1390,0,0,0,1,0,0,0,1,0,1,0,0,1,0,0,0,1,1,0,0,0
1391,low,1391,0,0,0,1,0,0,0,1,0,1,0,0,1,0,1,0,0,1,0,0,0
1392,low,1392,0,0,0,1,0,0,0,1,0,1,0,1,0,0,0,1,0,0,0,1,0
1393,low,1393,0,0,0,1,0,0,0,1,0,1,0,1,0,0,0,0,1,1,0,0,0
1394,low,1394,0,0,0,1,0,0,0,1,0,1,0,1,0,0,1,0,0,1,0,0,0
1395,low,1395,0,0,0,1,0,0,0,1,0,0,1,0,0,1,0,1,0,0,0,1,0
1396,low,1396,0,0,0,1,0,0,0,1,0,0,1,0,0,1,0,0,1,0,0,1,0
1397,low,1397,0,0,0,1,0,0,0,1,0,0,1,0,0,1,1,0,0,1,0,0,0
1398,low,1398,0,0,0,1,0,0,0,1,0,0,1,0,1,0,0,1,0,0,0,1,0
1399,low,1399,0,0,0,1,0,0,0,1,0,0,1,0,1,0,0,0,1,1,0,0,0
1400,low,1400,0,0,0,1,0,0,0,1,0,0,1,0,1,0,1,0,0,1,0,0,0
1401,low,1401,0,0,0,1,0,0,0,1,0,0,1,1,0,0,0,1,0,0,0,1,0
1402,low,1402,0,0,0,1,0,0,0,1,0,0,1,1,0,0,0,0,1,1,0,0,0
1403,low,1403,0,0,0,1,0,0,0,1,0,0,1,1,0,0,1,0,0,1,0,0,0
1404,low,1404,1,0,0,0,1,0,0,0,1,0,0,0,0,1,0,1,0,0,0,1,0
1405,low,1405,1,0,0,0,1,0,0,0,1,0,0,0,0,1,0,0,1,0,0,1,0
1406,low,1406,1,0,0,0,1,0,0,0,1,0,0,0,0,1,1,0,0,0,0,1,0
1407,low,1407,1,0,0,0,1,0,0,0,1,0,0,0,1,0,0,1,0,0,0,1,0
1408,low,1408,1,0,0,0,1,0,0,0,1,0,0,0,1,0,0,0,1,0,0,1,0
1409,low,1409,1,0,0,0,1,0,0,0,1,0,0,0,1,0,1,0,0,0,0,1,0
1410,low,1410,1,0,0,0,1,0,0,0,1,0,0,1,0,0,0,1,0,0,0,1,0
1411,low,1411,1,0,0,0,1,0,0,0,1,0,0,1,0,0,0,0,1,0,0,1,0
1412,low,1412,1,0,0,0,1,0,0,0,1,0,0,1,0,0,1,0,0,0,0,1,0
1413,low,1413,1,0,0,0,1,0,0,0,0,1,0,0,0,1,0,1,0,0,0,1,0
1414,low,1414,1,0,0,0,1,0,0,0,0,1,0,0,0,1,0,0,1,1,0,0,0
1415,low,1415,1,0,0,0,1,0,0,0,0,1,0,0,0,1,1,0,0,1,0,0,0
1416,low,1416,1,0,0,0,1,0,0,0,0,1,0,0,1,0,0,1,0,0,0,1,0
1417,low,1417,1,0,0,0,1,0,0,0,0,1,0,0,1,0,0,0,1,1,0,0,0
1418,low,1418,1,0,0,0,1,0,0,0,0,1,0,0,1,0,1,0,0,1,0,0,0
1419,low,1419,1,0,0,0,1,0,0,0,0,1,0,1,0,0,0,1,0,0,0,1,0
1420,low,1420,1,0,0,0,1,0,0,0,0,1,0,1,0,0,0,0,1,1,0,0,0
1421,low,1421,1,0,0,0,1,0,0,0,0,1,0,1,0,0,1,0,0,0,0,0,1
1422,low,1422,1,0,0,0,1,0,0,0,0,0,1,0,0,1,0,1,0,0,0,1,0
1423,low,1423,1,0,0,0,1,0,0,0,0,0,1,0,0,1,0,0,1,0,0,1,0
1424,low,1424,1,0,0,0,1,0,0,0,0,0,1,0,0,1,1,0,0,0,0,1,0
1425,low,1425,1,0,0,0,1,0,0,0,0,0,1,0,1,0,0,1,0,0,0,1,0
1426,low,1426,1,0,0,0,1,0,0,0,0,0,1,0,1,0,0,0,1,1,0,0,0
1427,low,1427,1,0,0,0,1,0,0,0,0,0,1,0,1,0,1,0,0,1,0,0,0
1428,low,1428,1,0,0,0,1,0,0,0,0,0,1,1,0,0,0,1,0,0,0,1,0
1429,low,1429,1,0,0,0,1,0,0,0,0,0,1,1,0,0,0,0,1,1,0,0,0
1430,low,1430,1,0,0,0,1,0,0,0,0,0,1,1,0,0,1,0,0,0,0,0,1
1431,low,1431,1,0,0,0,0,1,0,0,1,0,0,0,0,1,0,1,0,0,0,1,0
1432,low,1432,1,0,0,0,0,1,0,0,1,0,0,0,0,1,0,0,1,0,0,1,0
1433,low,1433,1,0,0,0,0,1,0,0,1,0,0,0,0,1,1,0,0,0,0,1,0
1434,low,1434,1,0,0,0,0,1,0,0,1,0,0,0,1,0,0,1,0,0,0,1,0
1435,low,1435,1,0,0,0,0,1,0,0,1,0,0,0,1,0,0,0,1,0,0,1,0
1436,low,1436,1,0,0,0,0,1,0,0,1,0,0,0,1,0,1,0,0,0,0,1,0
1437,low,1437,1,0,0,0,0,1,0,0,1,0,0,1,0,0,0,1,0,0,0,1,0
1438,low,1438,1,0,0,0,0,1,0,0,1,0,0,1,0,0,0,0,1,0,0,1,0
1439,low,1439,1,0,0,0,0,1,0,0,1,0,0,1,0,0,1,0,0,0,0,1,0
1440,low,1440,1,0,0,0,0,1,0,0,0,1,0,0,0,1,0,1,0,0,0,1,0
1441,low,1441,1,0,0,0,0,1,0,0,0,1,0,0,0,1,0,0,1,1,0,0,0
1442,low,1442,1,0,0,0,0,1,0,0,0,1,0,0,0,1,1,0,0,1,0,0,0
1443,low,1443,1,0,0,0,0,1,0,0,0,1,0,0,1,0,0,1,0,0,0,1,0
1444,low,1444,1,0,0,0,0,1,0,0,0,1,0,0,1,0,0,0,1,1,0,0,0
1445,low,1445,1,0,0,0,0,1,0,0,0,1,0,0,1,0,1,0,0,1,0,0,0
1446,low,1446,1,0,0,0,0,1,0,0,0,1,0,1,0,0,0,1,0,0,0,1,0
1447,low,1447,1,0,0,0,0,1,0,0,0,1,0,1,0,0,0,0,1,1,0,0,0
1448,low,1448,1,0,0,0,0,1,0,0,0,1,0,1,0,0,1,0,0,0,0,0,1
1449,low,1449,1,0,0,0,0,1,0,0,0,0,1,0,0,1,0,1,0,0,0,1,0
1450,low,1450,1,0,0,0,0,1,0,0,0,0,1,0,0,1,0,0,1,1,0,0,0
1451,low,1451,1,0,0,0,0,1,0,0,0,0,1,0,0,1,1,0,0,1,0,0,0
1452,low,1452,1,0,0,0,0,1,0,0,0,0,1,0,1,0,0,1,0,0,0,1,0
1453,low,1453,1,0,0,0,0,1,0,0,0,0,1,0,1,0,0,0,1,1,0,0,0
1454,low,1454,1,0,0,0,0,1,0,0,0,0,1,0,1,0,1,0,0,0,0,0,1
1455,low,1455,1,0,0,0,0,1,0,0,0,0,1,1,0,0,0,1,0,0,0,1,0
1456,low,1456,1,0,0,0,0,1,0,0,0,0,1,1,0,0,0,0,1,1,0,0,0
1457,low,1457,1,0,0,0,0,1,0,0,0,0,1,1,0,0,1,0,0,0,0,0,1
1458,low,1458,1,0,0,0,0,0,1,0,1,0,0,0,0,1,0,1,0,0,0,1,0
1459,low,1459,1,0,0,0,0,0,1,0,1,0,0,0,0,1,0,0,1,0,0,1,0
1460,low,1460,1,0,0,0,0,0,1,0,1,0,0,0,0,1,1,0,0,0,0,1,0
1461,low,1461,1,0,0,0,0,0,1,0,1,0,0,0,1,0,0,1,0,0,0,1,0
1462,low,1462,1,0,0,0,0,0,1,0,1,0,0,0,1,0,0,0,1,0,0,1,0
1463,low,1463,1,0,0,0,0,0,1,0,1,0,0,0,1,0,1,0,0,0,0,1,0
1464,low,1464,1,0,0,0,0,0,1,0,1,0,0,1,0,0,0,1,0,0,0,1,0
1465,low,1465,1,0,0,0,0,0,1,0,1,0,0,1,0,0,0,0,1,0,0,1,0
1466,low,1466,1,0,0,0,0,0,1,0,1,0,0,1,0,0,1,0,0,0,0,1,0
1467,low,1467,1,0,0,0,0,0,1,0,0,1,0,0,0,1,0,1,0,0,0,1,0
1468,low,1468,1,0,0,0,0,0,1,0,0,1,0,0,0,1,0,0,1,1,0,0,0
1469,low,1469,1,0,0,0,0,0,1,0,0,1,0,0,0,1,1,0,0,1,0,0,0
1470,low,1470,1,0,0,0,0,0,1,0,0,1,0,0,1,0,0,1,0,0,0,1,0
1471,low,1471,1,0,0,0,0,0,1,0,0,1,0,0,1,0,0,0,1,1,0,0,0
1472,low,1472,1,0,0,0,0,0,1,0,0,1,0,0,1,0,1,0,0,0,0,0,1
1473,low,1473,1,0,0,0,0,0,1,0,0,1,0,1,0,0,0,1,0,0,0,1,0
1474,low,1474,1,0,0,0,0,0,1,0,0,1,0,1,0,0,0,0,1,1,0,0,0
1475,low,1475,1,0,0,0,0,0,1,0,0,1,0,1,0,0,1,0,0,0,0,0,1
1476,low,1476,1,0,0,0,0,0,1,0,0,0,1,0,0,1,0,1,0,0,0,1,0
1477,low,1477,1,0,0,0,0,0,1,0,0,0,1,0,0,1,0,0,1,1,0,0,0
1478,low,1478,1,0,0,0,0,0,1,0,0,0,1,0,0,1,1,0,0,1,0,0,0
1479,low,1479,1,0,0,0,0,0,1,0,0,0,1,0,1,0,0,1,0,0,0,1,0
1480,low,1480,1,0,0,0,0,0,1,0,0,0,1,0,1,0,0,0,1,1,0,0,0
1481,low,1481,1,0,0,0,0,0,1,0,0,0,1,0,1,0,1,0,0,0,0,0,1
1482,low,1482,1,0,0,0,0,0,1,0,0,0,1,1,0,0,0,1,0,0,0,1,0
1483,low,1483,1,0,0,0,0,0,1,0,0,0,1,1,0,0,0,0,1,1,0,0,0
1484,low,1484,1,0,0,0,0,0,1,0,0,0,1,1,0,0,1,0,0,0,0,0,1
1485,low,1485,1,0,0,0,0,0,0,1,1,0,0,0,0,1,0,1,0,0,0,1,0
1486,low,1486,1,0,0,0,0,0,0,1,1,0,0,0,0,1,0,0,1,0,0,1,0
1487,low,1487,1,0,0,0,0,0,0,1,1,0,0,0,0,1,1,0,0,0,0,1,0
1488,low,1488,1,0,0,0,0,0,0,1,1,0,0,0,1,0,0,1,0,0,0,1,0
1489,low,1489,1,0,0,0,0,0,0,1,1,0,0,0,1,0,0,0,1,0,0,1,0
1490,low,1490,1,0,0,0,0,0,0,1,1,0,0,0,1,0,1,0,0,0,0,1,0
1491,low,1491,1,0,0,0,0,0,0,1,1,0,0,1,0,0,0,1,0,0,0,1,0
1492,low,1492,1,0,0,0,0,0,0,1,1,0,0,1,0,0,0,0,1,0,0,1,0
1493,low,1493,1,0,0,0,0,0,0,1,1,0,0,1,0,0,1,0,0,0,0,1,0
1494,low,1494,1,0,0,0,0,0,0,1,0,1,0,0,0,1,0,1,0,0,0,1,0
1495,low,1495,1,0,0,0,0,0,0,1,0,1,0,0,0,1,0,0,1,1,0,0,0
1496,low,1496,1,0,0,0,0,0,0,1,0,1,0,0,0,1,1,0,0,1,0,0,0
1497,low,1497,1,0,0,0,0,0,0,1,0,1,0,0,1,0,0,1,0,0,0,1,0
1498,low,1498,1,0,0,0,0,0,0,1,0,1,0,0,1,0,0,0,1,1,0,0,0
1499,low,1499,1,0,0,0,0,0,0,1,0,1,0,0,1,0,1,0,0,0,0,0,1
1500,low,1500,1,0,0,0,0,0,0,1,0,1,0,1,0,0,0,1,0,0,0,1,0
1501,low,1501,1,0,0,0,0,0,0,1,0,1,0,1,0,0,0,0,1,1,0,0,0
1502,low,1502,1,0,0,0,0,0,0,1,0,1,0,1,0,0,1,0,0,0,0,0,1
1503,low,1503,1,0,0,0,0,0,0,1,0,0,1,0,0,1,0,1,0,0,0,1,0
1504,low,1504,1,0,0,0,0,0,0,1,0,0,1,0,0,1,0,0,1,1,0,0,0
1505,low,1505,1,0,0,0,0,0,0,1,0,0,1,0,0,1,1,0,0,1,0,0,0
1506,low,1506,1,0,0,0,0,0,0,1,0,0,1,0,1,0,0,1,0,0,0,1,0
1507,low,1507,1,0,0,0,0,0,0,1,0,0,1,0,1,0,0,0,1,1,0,0,0
1508,low,1508,1,0,0,0,0,0,0,1,0,0,1,0,1,0,1,0,0,0,0,0,1
1509,low,1509,1,0,0,0,0,0,0,1,0,0,1,1,0,0,0,1,0,0,0,1,0
1510,low,1510,1,0,0,0,0,0,0,1,0,0,1,1,0,0,0,0,1,1,0,0,0
1511,low,1511,1,0,0,0,0,0,0,1,0,0,1,1,0,0,1,0,0,0,0,0,1
1512,low,1512,0,0,1,0,1,0,0,0,1,0,0,0,0,1,0,1,0,0,0,1,0
1513,low,1513,0,0,1,0,1,0,0,0,1,0,0,0,0,1,0,0,1,0,0,1,0
1514,low,1514,0,0,1,0,1,0,0,0,1,0,0,0,0,1,1,0,0,0,0,1,0
1515,low,1515,0,0,1,0,1,0,0,0,1,0,0,0,1,0,0,1,0,0,0,1,0
1516,low,1516,0,0,1,0,1,0,0,0,1,0,0,0,1,0,0,0,1,0,0,1,0
1517,low,1517,0,0,1,0,1,0,0,0,1,0,0,0,1,0,1,0,0,0,0,1,0
1518,low,1518,0,0,1,0,1,0,0,0,1,0,0,1,0,0,0,1,0,0,0,1,0
1519,low,1519,0,0,1,0,1,0,0,0,1,0,0,1,0,0,0,0,1,0,0,1,0
1520,low,1520,0,0,1,0,1,0,0,0,1,0,0,1,0,0,1,0,0,0,0,1,0
1521,low,1521,0,0,1,0,1,0,0,0,0,1,0,0,0,1,0,1,0,0,0,1,0
1522,low,1522,0,0,1,0,1,0,0,0,0,1,0,0,0,1,0,0,1,1,0,0,0
1523,low,1523,0,0,1,0,1,0,0,0,0,1,0,0,0,1,1,0,0,0,1,0,0
1524,low,1524,0,0,1,0,1,0,0,0,0,1,0,0,1,0,0,1,0,0,0,1,0
1525,low,1525,0,0,1,0,1,0,0,0,0,1,0,0,1,0,0,0,1,1,0,0,0
1526,low,1526,0,0,1,0,1,0,0,0,0,1,0,0,1,0,1,0,0,0,1,0,0
1527,low,1527,0,0,1,0,1,0,0,0,0,1,0,1,0,0,0,1,0,0,0,1,0
1528,low,1528,0,0,1,0,1,0,0,0,0,1,0,1,0,0,0,0,1,0,1,0,0
1529,low,1529,0,0,1,0,1,0,0,0,0,1,0,1,0,0,1,0,0,0,0,0,1
1530,low,1530,0,0,1,0,1,0,0,0,0,0,1,0,0,1,0,1,0,0,0,1,0
1531,low,1531,0,0,1,0,1,0,0,0,0,0,1,0,0,1,0,0,1,0,0,1,0
1532,low,1532,0,0,1,0,1,0,0,0,0,0,1,0,0,1,1,0,0,0,0,1,0
1533,low,1533,0,0,1,0,1,0,0,0,0,0,1,0,1,0,0,1,0,0,0,1,0
1534,low,1534,0,0,1,0,1,0,0,0,0,0,1,0,1,0,0,0,1,1,0,0,0
1535,low,1535,0,0,1,0,1,0,0,0,0,0,1,0,1,0,1,0,0,0,1,0,0
1536,low,1536,0,0,1,0,1,0,0,0,0,0,1,1,0,0,0,1,0,0,0,1,0
1537,low,1537,0,0,1,0,1,0,0,0,0,0,1,1,0,0,0,0,1,0,1,0,0
1538,low,1538,0,0,1,0,1,0,0,0,0,0,1,1,0,0,1,0,0,0,0,0,1
1539,low,1539,0,0,1,0,0,1,0,0,1,0,0,0,0,1,0,1,0,0,0,1,0
1540,low,1540,0,0,1,0,0,1,0,0,1,0,0,0,0,1,0,0,1,0,0,1,0
1541,low,1541,0,0,1,0,0,1,0,0,1,0,0,0,0,1,1,0,0,0,0,1,0
1542,low,1542,0,0,1,0,0,1,0,0,1,0,0,0,1,0,0,1,0,0,0,1,0
1543,low,1543,0,0,1,0,0,1,0,0,1,0,0,0,1,0,0,0,1,0,0,1,0
1544,low,1544,0,0,1,0,0,1,0,0,1,0,0,0,1,0,1,0,0,0,0,1,0
1545,low,1545,0,0,1,0,0,1,0,0,1,0,0,1,0,0,0,1,0,0,0,1,0
1546,low,1546,0,0,1,0,0,1,0,0,1,0,0,1,0,0,0,0,1,0,0,1,0
1547,low,1547,0,0,1,0,0,1,0,0,1,0,0,1,0,0,1,0,0,0,0,1,0
1548,low,1548,0,0,1,0,0,1,0,0,0,1,0,0,0,1,0,1,0,0,0,1,0
1549,low,1549,0,0,1,0,0,1,0,0,0,1,0,0,0,1,0,0,1,1,0,0,0
1550,low,1550,0,0,1,0,0,1,0,0,0,1,0,0,0,1,1,0,0,0,1,0,0
1551,low,1551,0,0,1,0,0,1,0,0,0,1,0,0,1,0,0,1,0,0,0,1,0
1552,low,1552,0,0,1,0,0,1,0,0,0,1,0,0,1,0,0,0,1,1,0,0,0
1553,low,1553,0,0,1,0,0,1,0,0,0,1,0,0,1,0,1,0,0,0,1,0,0
1554,low,1554,0,0,1,0,0,1,0,0,0,1,0,1,0,0,0,1,0,0,0,1,0
1555,low,1555,0,0,1,0,0,1,0,0,0,1,0,1,0,0,0,0,1,0,1,0,0
1556,low,1556,0,0,1,0,0,1,0,0,0,1,0,1,0,0,1,0,0,0,0,0,1
1557,low,1557,0,0,1,0,0,1,0,0,0,0,1,0,0,1,0,1,0,0,0,1,0
1558,low,1558,0,0,1,0,0,1,0,0,0,0,1,0,0,1,0,0,1,1,0,0,0
1559,low,1559,0,0,1,0,0,1,0,0,0,0,1,0,0,1,1,0,0,0,1,0,0
1560,low,1560,0,0,1,0,0,1,0,0,0,0,1,0,1,0,0,1,0,0,0,1,0
1561,low,1561,0,0,1,0,0,1,0,0,0,0,1,0,1,0,0,0,1,0,1,0,0
1562,low,1562,0,0,1,0,0,1,0,0,0,0,1,0,1,0,1,0,0,0,0,0,1
1563,low,1563,0,0,1,0,0,1,0,0,0,0,1,1,0,0,0,1,0,0,0,1,0
1564,low,1564,0,0,1,0,0,1,0,0,0,0,1,1,0,0,0,0,1,0,1,0,0
1565,low,1565,0,0,1,0,0,1,0,0,0,0,1,1,0,0,1,0,0,0,0,0,1
1566,low,1566,0,0,1,0,0,0,1,0,1,0,0,0,0,1,0,1,0,0,0,1,0
1567,low,1567,0,0,1,0,0,0,1,0,1,0,0,0,0,1,0,0,1,0,0,1,0
1568,low,1568,0,0,1,0,0,0,1,0,1,0,0,0,0,1,1,0,0,0,0,1,0
1569,low,1569,0,0,1,0,0,0,1,0,1,0,0,0,1,0,0,1,0,0,0,1,0
1570,low,1570,0,0,1,0,0,0,1,0,1,0,0,0,1,0,0,0,1,0,0,1,0
1571,low,1571,0,0,1,0,0,0,1,0,1,0,0,0,1,0,1,0,0,0,0,1,0
1572,low,1572,0,0,1,0,0,0,1,0,1,0,0,1,0,0,0,1,0,0,0,1,0
1573,low,1573,0,0,1,0,0,0,1,0,1,0,0,1,0,0,0,0,1,0,0,1,0
1574,low,1574,0,0,1,0,0,0,1,0,1,0,0,1,0,0,1,0,0,0,0,1,0
1575,low,1575,0,0,1,0,0,0,1,0,0,1,0,0,0,1,0,1,0,0,0,1,0
1576,low,1576,0,0,1,0,0,0,1,0,0,1,0,0,0,1,0,0,1,1,0,0,0
1577,low,1577,0,0,1,0,0,0,1,0,0,1,0,0,0,1,1,0,0,0,1,0,0
1578,low,1578,0,0,1,0,0,0,1,0,0,1,0,0,1,0,0,1,0,0,0,1,0
1579,low,1579,0,0,1,0,0,0,1,0,0,1,0,0,1,0,0,0,1,0,1,0,0
1580,low,1580,0,0,1,0,0,0,1,0,0,1,0,0,1,0,1,0,0,0,0,0,1
1581,low,1581,0,0,1,0,0,0,1,0,0,1,0,1,0,0,0,1,0,0,0,1,0
1582,low,1582,0,0,1,0,0,0,1,0,0,1,0,1,0,0,0,0,1,0,1,0,0
1583,low,1583,0,0,1,0,0,0,1,0,0,1,0,1,0,0,1,0,0,0,0,0,1
1584,low,1584,0,0,1,0,0,0,1,0,0,0,1,0,0,1,0,1,0,0,0,1,0
1585,low,1585,0,0,1,0,0,0,1,0,0,0,1,0,0,1,0,0,1,1,0,0,0
1586,low,1586,0,0,1,0,0,0,1,0,0,0,1,0,0,1,1,0,0,0,1,0,0
1587,low,1587,0,0,1,0,0,0,1,0,0,0,1,0,1,0,0,1,0,0,0,1,0
1588,low,1588,0,0,1,0,0,0,1,0,0,0,1,0,1,0,0,0,1,0,1,0,0
1589,low,1589,0,0,1,0,0,0,1,0,0,0,1,0,1,0,1,0,0,0,0,0,1
1590,low,1590,0,0,1,0,0,0,1,0,0,0,1,1,0,0,0,1,0,0,0,1,0
1591,low,1591,0,0,1,0,0,0,1,0,0,0,1,1,0,0,0,0,1,0,1,0,0
1592,low,1592,0,0,1,0,0,0,1,0,0,0,1,1,0,0,1,0,0,0,0,0,1
1593,low,1593,0,0,1,0,0,0,0,1,1,0,0,0,0,1,0,1,0,0,0,1,0
1594,low,1594,0,0,1,0,0,0,0,1,1,0,0,0,0,1,0,0,1,0,0,1,0
1595,low,1595,0,0,1,0,0,0,0,1,1,0,0,0,0,1,1,0,0,0,0,1,0
1596,low,1596,0,0,1,0,0,0,0,1,1,0,0,0,1,0,0,1,0,0,0,1,0
1597,low,1597,0,0,1,0,0,0,0,1,1,0,0,0,1,0,0,0,1,0,0,1,0
1598,low,1598,0,0,1,0,0,0,0,1,1,0,0,0,1,0,1,0,0,0,0,1,0
1599,low,1599,0,0,1,0,0,0,0,1,1,0,0,1,0,0,0,1,0,0,0,1,0
1600,low,1600,0,0,1,0,0,0,0,1,1,0,0,1,0,0,0,0,1,0,0,1,0
1601,low,1601,0,0,1,0,0,0,0,1,1,0,0,1,0,0,1,0,0,0,0,1,0
1602,low,1602,0,0,1,0,0,0,0,1,0,1,0,0,0,1,0,1,0,0,0,1,0
1603,low,1603,0,0,1,0,0,0,0,1,0,1,0,0,0,1,0,0,1,1,0,0,0
1604,low,1604,0,0,1,0,0,0,0,1,0,1,0,0,0,1,1,0,0,0,1,0,0
1605,low,1605,0,0,1,0,0,0,0,1,0,1,0,0,1,0,0,1,0,0,0,1,0
1606,low,1606,0,0,1,0,0,0,0,1,0,1,0,0,1,0,0,0,1,0,1,0,0
1607,low,1607,0,0,1,0,0,0,0,1,0,1,0,0,1,0,1,0,0,0,0,0,1
1608,low,1608,0,0,1,0,0,0,0,1,0,1,0,1,0,0,0,1,0,0,0,1,0
1609,low,1609,0,0,1,0,0,0,0,1,0,1,0,1,0,0,0,0,1,0,1,0,0
1610,low,1610,0,0,1,0,0,0,0,1,0,1,0,1,0,0,1,0,0,0,0,0,1
1611,low,1611,0,0,1,0,0,0,0,1,0,0,1,0,0,1,0,1,0,0,0,1,0
1612,low,1612,0,0,1,0,0,0,0,1,0,0,1,0,0,1,0,0,1,1,0,0,0
1613,low,1613,0,0,1,0,0,0,0,1,0,0,1,0,0,1,1,0,0,0,1,0,0
1614,low,1614,0,0,1,0,0,0,0,1,0,0,1,0,1,0,0,1,0,0,0,1,0
1615,low,1615,0,0,1,0,0,0,0,1,0,0,1,0,1,0,0,0,1,0,1,0,0
1616,low,1616,0,0,1,0,0,0,0,1,0,0,1,0,1,0,1,0,0,0,0,0,1
1617,low,1617,0,0,1,0,0,0,0,1,0,0,1,1,0,0,0,1,0,0,0,1,0
1618,low,1618,0,0,1,0,0,0,0,1,0,0,1,1,0,0,0,0,1,0,1,0,0
1619,low,1619,0,0,1,0,0,0,0,1,0,0,1,1,0,0,1,0,0,0,0,0,1
1620,low,1620,0,1,0,0,1,0,0,0,1,0,0,0,0,1,0,1,0,0,0,1,0
1621,low,1621,0,1,0,0,1,0,0,0,1,0,0,0,0,1,0,0,1,0,0,1,0
1622,low,1622,0,1,0,0,1,0,0,0,1,0,0,0,0,1,1,0,0,0,0,1,0
1623,low,1623,0,1,0,0,1,0,0,0,1,0,0,0,1,0,0,1,0,0,0,1,0
1624,low,1624,0,1,0,0,1,0,0,0,1,0,0,0,1,0,0,0,1,0,0,1,0
1625,low,1625,0,1,0,0,1,0,0,0,1,0,0,0,1,0,1,0,0,0,0,1,0
1626,low,1626,0,1,0,0,1,0,0,0,1,0,0,1,0,0,0,1,0,0,0,1,0
1627,low,1627,0,1,0,0,1,0,0,0,1,0,0,1,0,0,0,0,1,0,0,1,0
1628,low,1628,0,1,0,0,1,0,0,0,1,0,0,1,0,0,1,0,0,0,0,1,0
1629,low,1629,0,1,0,0,1,0,0,0,0,1,0,0,0,1,0,1,0,0,0,1,0
1630,low,1630,0,1,0,0,1,0,0,0,0,1,0,0,0,1,0,0,1,1,0,0,0
1631,low,1631,0,1,0,0,1,0,0,0,0,1,0,0,0,1,1,0,0,0,1,0,0
1632,low,1632,0,1,0,0,1,0,0,0,0,1,0,0,1,0,0,1,0,0,0,1,0
1633,low,1633,0,1,0,0,1,0,0,0,0,1,0,0,1,0,0,0,1,1,0,0,0
1634,low,1634,0,1,0,0,1,0,0,0,0,1,0,0,1,0,1,0,0,0,1,0,0
1635,low,1635,0,1,0,0,1,0,0,0,0,1,0,1,0,0,0,1,0,0,0,1,0
1636,low,1636,0,1,0,0,1,0,0,0,0,1,0,1,0,0,0,0,1,0,1,0,0
1637,low,1637,0,1,0,0,1,0,0,0,0,1,0,1,0,0,1,0,0,0,0,0,1
1638,low,1638,0,1,0,0,1,0,0,0,0,0,1,0,0,1,0,1,0,0,0,1,0
1639,low,1639,0,1,0,0,1,0,0,0,0,0,1,0,0,1,0,0,1,0,0,1,0
1640,low,1640,0,1,0,0,1,0,0,0,0,0,1,0,0,1,1,0,0,0,0,1,0
1641,low,1641,0,1,0,0,1,0,0,0,0,0,1,0,1,0,0,1,0,0,0,1,0
1642,low,1642,0,1,0,0,1,0,0,0,0,0,1,0,1,0,0,0,1,1,0,0,0
1643,low,1643,0,1,0,0,1,0,0,0,0,0,1,0,1,0,1,0,0,0,1,0,0
1644,low,1644,0,1,0,0,1,0,0,0,0,0,1,1,0,0,0,1,0,0,0,1,0
1645,low,1645,0,1,0,0,1,0,0,0,0,0,1,1,0,0,0,0,1,0,1,0,0
1646,low,1646,0,1,0,0,1,0,0,0,0,0,1,1,0,0,1,0,0,0,0,0,1
1647,low,1647,0,1,0,0,0,1,0,0,1,0,0,0,0,1,0,1,0,0,0,1,0
1648,low,1648,0,1,0,0,0,1,0,0,1,0,0,0,0,1,0,0,1,0,0,1,0
1649,low,1649,0,1,0,0,0,1,0,0,1,0,0,0,0,1,1,0,0,0,0,1,0
1650,low,1650,0,1,0,0,0,1,0,0,1,0,0,0,1,0,0,1,0,0,0,1,0
1651,low,1651,0,1,0,0,0,1,0,0,1,0,0,0,1,0,0,0,1,0,0,1,0
1652,low,1652,0,1,0,0,0,1,0,0,1,0,0,0,1,0,1,0,0,0,0,1,0
1653,low,1653,0,1,0,0,0,1,0,0,1,0,0,1,0,0,0,1,0,0,0,1,0
1654,low,1654,0,1,0,0,0,1,0,0,1,0,0,1,0,0,0,0,1,0,0,1,0
1655,low,1655,0,1,0,0,0,1,0,0,1,0,0,1,0,0,1,0,0,0,0,1,0
1656,low,1656,0,1,0,0,0,1,0,0,0,1,0,0,0,1,0,1,0,0,0,1,0
1657,low,1657,0,1,0,0,0,1,0,0,0,1,0,0,0,1,0,0,1,1,0,0,0
1658,low,1658,0,1,0,0,0,1,0,0,0,1,0,0,0,1,1,0,0,0,1,0,0
1659,low,1659,0,1,0,0,0,1,0,0,0,1,0,0,1,0,0,1,0,0,0,1,0
1660,low,1660,0,1,0,0,0,1,0,0,0,1,0,0,1,0,0,0,1,1,0,0,0
1661,low,1661,0,1,0,0,0,1,0,0,0,1,0,0,1,0,1,0,0,0,1,0,0
1662,low,1662,0,1,0,0,0,1,0,0,0,1,0,1,0,0,0,1,0,0,0,1,0
1663,low,1663,0,1,0,0,0,1,0,0,0,1,0,1,0,0,0,0,1,0,1,0,0
1664,low,1664,0,1,0,0,0,1,0,0,0,1,0,1,0,0,1,0,0,0,0,0,1
1665,low,1665,0,1,0,0,0,1,0,0,0,0,1,0,0,1,0,1,0,0,0,1,0
1666,low,1666,0,1,0,0,0,1,0,0,0,0,1,0,0,1,0,0,1,1,0,0,0
1667,low,1667,0,1,0,0,0,1,0,0,0,0,1,0,0,1,1,0,0,0,1,0,0
1668,low,1668,0,1,0,0,0,1,0,0,0,0,1,0,1,0,0,1,0,0,0,1,0
1669,low,1669,0,1,0,0,0,1,0,0,0,0,1,0,1,0,0,0,1,0,1,0,0
1670,low,1670,0,1,0,0,0,1,0,0,0,0,1,0,1,0,1,0,0,0,0,0,1
1671,low,1671,0,1,0,0,0,1,0,0,0,0,1,1,0,0,0,1,0,0,0,1,0
1672,low,1672,0,1,0,0,0,1,0,0,0,0,1,1,0,0,0,0,1,0,1,0,0
1673,low,1673,0,1,0,0,0,1,0,0,0,0,1,1,0,0,1,0,0,0,0,0,1
1674,low,1674,0,1,0,0,0,0,1,0,1,0,0,0,0,1,0,1,0,0,0,1,0
1675,low,1675,0,1,0,0,0,0,1,0,1,0,0,0,0,1,0,0,1,0,0,1,0
1676,low,1676,0,1,0,0,0,0,1,0,1,0,0,0,0,1,1,0,0,0,0,1,0
1677,low,1677,0,1,0,0,0,0,1,0,1,0,0,0,1,0,0,1,0,0,0,1,0
1678,low,1678,0,1,0,0,0,0,1,0,1,0,0,0,1,0,0,0,1,0,0,1,0
1679,low,1679,0,1,0,0,0,0,1,0,1,0,0,0,1,0,1,0,0,0,0,1,0
1680,low,1680,0,1,0,0,0,0,1,0,1,0,0,1,0,0,0,1,0,0,0,1,0
1681,low,1681,0,1,0,0,0,0,1,0,1,0,0,1,0,0,0,0,1,0,0,1,0
1682,low,1682,0,1,0,0,0,0,1,0,1,0,0,1,0,0,1,0,0,0,0,1,0
1683,low,1683,0,1,0,0,0,0,1,0,0,1,0,0,0,1,0,1,0,0,0,1,0
1684,low,1684,0,1,0,0,0,0,1,0,0,1,0,0,0,1,0,0,1,1,0,0,0
1685,low,1685,0,1,0,0,0,0,1,0,0,1,0,0,0,1,1,0,0,0,1,0,0
1686,low,1686,0,1,0,0,0,0,1,0,0,1,0,0,1,0,0,1,0,0,0,1,0
1687,low,1687,0,1,0,0,0,0,1,0,0,1,0,0,1,0,0,0,1,0,1,0,0
1688,low,1688,0,1,0,0,0,0,1,0,0,1,0,0,1,0,1,0,0,0,0,0,1
1689,low,1689,0,1,0,0,0,0,1,0,0,1,0,1,0,0,0,1,0,0,0,1,0
1690,low,1690,0,1,0,0,0,0,1,0,0,1,0,1,0,0,0,0,1,0,1,0,0
1691,low,1691,0,1,0,0,0,0,1,0,0,1,0,1,0,0,1,0,0,0,0,0,1
1692,low,1692,0,1,0,0,0,0,1,0,0,0,1,0,0,1,0,1,0,0,0,1,0
1693,low,1693,0,1,0,0,0,0,1,0,0,0,1,0,0,1,0,0,1,1,0,0,0
1694,low,1694,0,1,0,0,0,0,1,0,0,0,1,0,0,1,1,0,0,0,1,0,0
1695,low,1695,0,1,0,0,0,0,1,0,0,0,1,0,1,0,0,1,0,0,0,1,0
1696,low,1696,0,1,0,0,0,0,1,0,0,0,1,0,1,0,0,0,1,0,1,0,0
1697,low,1697,0,1,0,0,0,0,1,0,0,0,1,0,1,0,1,0,0,0,0,0,1
1698,low,1698,0,1,0,0,0,0,1,0,0,0,1,1,0,0,0,1,0,0,0,1,0
1699,low,1699,0,1,0,0,0,0,1,0,0,0,1,1,0,0,0,0,1,0,1,0,0
1700,low,1700,0,1,0,0,0,0,1,0,0,0,1,1,0,0,1,0,0,0,0,0,1
1701,low,1701,0,1,0,0,0,0,0,1,1,0,0,0,0,1,0,1,0,0,0,1,0
1702,low,1702,0,1,0,0,0,0,0,1,1,0,0,0,0,1,0,0,1,0,0,1,0
1703,low,1703,0,1,0,0,0,0,0,1,1,0,0,0,0,1,1,0,0,0,0,1,0
1704,low,1704,0,1,0,0,0,0,0,1,1,0,0,0,1,0,0,1,0,0,0,1,0
1705,low,1705,0,1,0,0,0,0,0,1,1,0,0,0,1,0,0,0,1,0,0,1,0
1706,low,1706,0,1,0,0,0,0,0,1,1,0,0,0,1,0,1,0,0,0,0,1,0
1707,low,1707,0,1,0,0,0,0,0,1,1,0,0,1,0,0,0,1,0,0,0,1,0
1708,low,1708,0,1,0,0,0,0,0,1,1,0,0,1,0,0,0,0,1,0,0,1,0
1709,low,1709,0,1,0,0,0,0,0,1,1,0,0,1,0,0,1,0,0,0,0,1,0
1710,low,1710,0,1,0,0,0,0,0,1,0,1,0,0,0,1,0,1,0,0,0,1,0
1711,low,1711,0,1,0,0,0,0,0,1,0,1,0,0,0,1,0,0,1,1,0,0,0
1712,low,1712,0,1,0,0,0,0,0,1,0,1,0,0,0,1,1,0,0,0,1,0,0
1713,low,1713,0,1,0,0,0,0,0,1,0,1,0,0,1,0,0,1,0,0,0,1,0
1714,low,1714,0,1,0,0,0,0,0,1,0,1,0,0,1,0,0,0,1,0,1,0,0
1715,low,1715,0,1,0,0,0,0,0,1,0,1,0,0,1,0,1,0,0,0,0,0,1
1716,low,1716,0,1,0,0,0,0,0,1,0,1,0,1,0,0,0,1,0,0,0,1,0
1717,low,1717,0,1,0,0,0,0,0,1,0,1,0,1,0,0,0,0,1,0,1,0,0
1718,low,1718,0,1,0,0,0,0,0,1,0,1,0,1,0,0,1,0,0,0,0,0,1
1719,low,1719,0,1,0,0,0,0,0,1,0,0,1,0,0,1,0,1,0,0,0,1,0
1720,low,1720,0,1,0,0,0,0,0,1,0,0,1,0,0,1,0,0,1,1,0,0,0
1721,low,1721,0,1,0,0,0,0,0,1,0,0,1,0,0,1,1,0,0,0,1,0,0
1722,low,1722,0,1,0,0,0,0,0,1,0,0,1,0,1,0,0,1,0,0,0,1,0
1723,low,1723,0,1,0,0,0,0,0,1,0,0,1,0,1,0,0,0,1,0,1,0,0
1724,low,1724,0,1,0,0,0,0,0,1,0,0,1,0,1,0,1,0,0,0,0,0,1
1725,low,1725,0,1,0,0,0,0,0,1,0,0,1,1,0,0,0,1,0,0,0,1,0
1726,low,1726,0,1,0,0,0,0,0,1,0,0,1,1,0,0,0,0,1,0,1,0,0
1727,low,1727,0,1,0,0,0,0,0,1,0,0,1,1,0,0,1,0,0,0,0,0,1
